,date_begin,date_end,n_results,pmids,exclusion_threshold
0,2021/11/07,2021/11/13,83,"34767827, 34765519, 34765250, 34764701, 34764165, 34764037, 34764036, 34764035, 34764034, 34761359, 34760950, 34759821, 34758925, 34758906, 34758060, 34757773, 34757515, 34756826, 34756690, 34756525, 34756524, 34756404, 34756365, 34755936, 34755851, 34755689, 34754004, 34753713, 34753672, 34753518, 34753511, 34753156, 34752615, 34752582, 34752574, 34752571, 34752570, 34752567, 34752565, 34752562, 34752561, 34752560, 34752559, 34752555, 34752554, 34752551, 34752547, 34752546, 34752545, 34752543, 34752541, 34752537, 34752534, 34752531, 34752530, 34752529, 34752524, 34752523, 34752521, 34752520, 34752518, 34752516, 34752515, 34752512, 34751985, 34751891, 34750762, 34750302, 34750301, 34749817, 34749777, 34749427, 34746953, 34746641, 34745204, 34744736, 34744443, 34743170, 34742654, 34742494, 34742275, 34741614, 34741506",
1,2021/11/14,2021/11/20,75,"34798631, 34797894, 34797865, 34796093, 34795710, 34795591, 34795543, 34795130, 34794833, 34794171, 34793242, 34792717, 34791602, 34791306, 34791258, 34790970, 34790968, 34790878, 34790074, 34790071, 34789474, 34789404, 34789270, 34789233, 34788823, 34788478, 34788391, 34788375, 34788317, 34787938, 34785529, 34785502, 34785501, 34785500, 34785499, 34785496, 34785494, 34784959, 34784803, 34783287, 34782878, 34782755, 34782042, 34781937, 34781650, 34780261, 34779653, 34778137, 34777650, 34777646, 34777644, 34777643, 34777642, 34777641, 34777511, 34776338, 34776262, 34776255, 34775858, 34775527, 34775392, 34775244, 34774424, 34774397, 34774104, 34774088, 34774044, 34774041, 34772781, 34772713, 34772632, 34772401, 34772313, 34770055, 34769543",
2,2021/11/21,2021/11/27,91,"34826757, 34826016, 34824960, 34824956, 34824649, 34824569, 34824109, 34823529, 34823191, 34822165, 34821536, 34820790, 34820311, 34819859, 34819795, 34819794, 34819786, 34819724, 34819305, 34819289, 34819206, 34819071, 34819057, 34818090, 34818084, 34817853, 34817667, 34817261, 34815972, 34815273, 34815217, 34815215, 34815214, 34815213, 34815212, 34814848, 34814820, 34813544, 34813416, 34811600, 34810136, 34809680, 34808141, 34807982, 34807914, 34807848, 34807845, 34807842, 34807841, 34807840, 34807365, 34806908, 34806588, 34806587, 34806583, 34806576, 34806574, 34806571, 34806570, 34806569, 34805778, 34805718, 34803008, 34802959, 34802958, 34802945, 34802944, 34801208, 34800417, 34799260, 34799259, 34799071, 34799070, 34799069, 34799068, 34799067, 34799066, 34799065, 34799063, 34799062, 34799061, 34799060, 34799059, 34799058, 34799057, 34799056, 34799053, 34799052, 34798895, 34798855, 34798826",
3,2021/11/28,2021/12/04,89,"34861224, 34860140, 34859743, 34859478, 34858100, 34858091, 34858072, 34857566, 34857532, 34857531, 34857489, 34857482, 34857481, 34857056, 34857043, 34857017, 34856995, 34855578, 34855176, 34853544, 34853209, 34853200, 34853014, 34852882, 34852169, 34852092, 34849731, 34849708, 34849555, 34849554, 34849549, 34849544, 34849541, 34849540, 34849047, 34848960, 34848550, 34848531, 34848294, 34848164, 34848159, 34847951, 34846197, 34845061, 34844821, 34844441, 34843502, 34843036, 34842829, 34842828, 34842823, 34842821, 34842820, 34842818, 34842816, 34842813, 34842810, 34842809, 34842806, 34842802, 34842798, 34842545, 34842029, 34841822, 34841539, 34840503, 34840143, 34840142, 34840140, 34839309, 34838475, 34836813, 34836595, 34836594, 34835291, 34835251, 34834378, 34832870, 34831660, 34828645, 34828634, 34828622, 34828586, 34828552, 34828541, 34827267, 34827227, 34827222, 34827215",
4,2021/12/05,2021/12/11,74,"34889275, 34889271, 34888983, 34888475, 34888322, 34888082, 34887990, 34887986, 34887189, 34887188, 34887187, 34886927, 34886501, 34886352, 34881653, 34881640, 34880952, 34879702, 34879694, 34879131, 34879046, 34878987, 34878686, 34877931, 34877629, 34876549, 34876416, 34876327, 34876318, 34874552, 34873761, 34872966, 34872859, 34872858, 34872857, 34872856, 34872605, 34872522, 34872281, 34872013, 34871248, 34870263, 34870154, 34869185, 34867311, 34866874, 34866818, 34866814, 34865656, 34864861, 34864859, 34864858, 34864850, 34864845, 34864839, 34864836, 34864830, 34864698, 34864356, 34864289, 34863695, 34863634, 34863633, 34863164, 34862177, 34862176, 34862164, 34862142, 34861908, 34861906, 34861905, 34861904, 34861836, 34861765",
5,2021/12/12,2021/12/18,80,"34919840, 34919337, 34918554, 34916879, 34916170, 34915784, 34915716, 34915596, 34915405, 34914614, 34913359, 34913184, 34913180, 34913143, 34913039, 34912869, 34912403, 34911785, 34911715, 34911704, 34911703, 34911702, 34911656, 34911350, 34910120, 34909605, 34908907, 34907900, 34907747, 34906941, 34906939, 34906208, 34904693, 34904643, 34903966, 34903949, 34903524, 34903474, 34903417, 34903326, 34903284, 34903246, 34903221, 34901761, 34901410, 34901084, 34900910, 34900352, 34898933, 34897213, 34896379, 34896303, 34896094, 34896014, 34895842, 34895685, 34895684, 34895680, 34895678, 34895677, 34895676, 34895675, 34895674, 34895673, 34895672, 34895671, 34895670, 34895669, 34895668, 34895666, 34895665, 34895664, 34895662, 34895661, 34895583, 34895581, 34893466, 34893465, 34893443, 34893442",
6,2021/12/19,2021/12/25,93,"34952308, 34951941, 34951623, 34951621, 34951606, 34951447, 34951238, 34951237, 34951117, 34950768, 34950333, 34949924, 34949652, 34949651, 34949612, 34949299, 34949114, 34949110, 34948832, 34948775, 34948755, 34948113, 34946448, 34946428, 34946377, 34943721, 34943674, 34943655, 34942667, 34942462, 34942427, 34942135, 34941634, 34941633, 34941629, 34941628, 34941627, 34941626, 34941625, 34941624, 34941623, 34940831, 34940791, 34940751, 34938706, 34938396, 34938140, 34937647, 34936661, 34935733, 34935546, 34935334, 34935258, 34933984, 34933980, 34933977, 34933900, 34933882, 34933705, 34932206, 34932001, 34931912, 34931699, 34931222, 34930934, 34930796, 34930795, 34930793, 34930792, 34930791, 34930790, 34930683, 34930681, 34930680, 34930487, 34928443, 34927577, 34927479, 34927150, 34926995, 34926737, 34925112, 34925092, 34925004, 34924315, 34924314, 34924311, 34924170, 34924159, 34923107, 34921081, 34921071, 34920956",
7,2021/12/26,2022/01/01,44,"34971579, 34971408, 34971256, 34970993, 34970320, 34969087, 34968479, 34967700, 34967466, 34967458, 34967386, 34967010, 34965917, 34965916, 34965915, 34965914, 34965913, 34965912, 34965894, 34965060, 34963352, 34962937, 34962844, 34962442, 34961807, 34961548, 34959611, 34959044, 34958720, 34958297, 34958237, 34956817, 34956405, 34955660, 34955517, 34955439, 34954649, 34953731, 34953730, 34953510, 34953164, 34952654, 34794267, 34747044",
8,2022/01/02,2022/01/08,65,"34995148, 34994778, 34994445, 34994312, 34994150, 34992529, 34992069, 34992068, 34992067, 34991981, 34991950, 34991616, 34991018, 34990507, 34990287, 34988876, 34988545, 34988443, 34988097, 34988052, 34987266, 34987262, 34987259, 34987069, 34986824, 34986578, 34986179, 34986166, 34984853, 34984460, 34983888, 34983680, 34982776, 34982747, 34981361, 34981359, 34981347, 34980775, 34980762, 34980596, 34980147, 34980098, 34980037, 34979859, 34979856, 34979819, 34979742, 34979689, 34979606, 34979023, 34978882, 34978662, 34978398, 34978226, 34977994, 34977553, 34976931, 34976698, 34976678, 34976649, 34976448, 34975592, 34975006, 34973155, 34972637",
9,2022/01/09,2022/01/15,79,"35030376, 35029553, 35029552, 35028628, 35028590, 35028566, 35028528, 35027358, 35027357, 35027306, 35027305, 35027281, 35026796, 35024326, 35024035, 35023925, 35023836, 35023646, 35022953, 35022676, 35022056, 35022034, 35020803, 35020794, 35020784, 35020478, 35020077, 35019805, 35018843, 35018008, 35017888, 35017884, 35017257, 35016857, 35016847, 35016211, 35016210, 35015815, 35015808, 35015595, 35014073, 35013878, 35012945, 35012944, 35012943, 35012933, 35012757, 35012478, 35011040, 35010791, 35010682, 35008249, 35007816, 35004109, 35002744, 35002706, 35002555, 35002387, 35002382, 35002377, 35002375, 35001748, 35001700, 35001645, 35000971, 35000668, 34999758, 34998952, 34998901, 34998277, 34998246, 34997667, 34996787, 34996718, 34996713, 34996577, 34996466, 34996412, 34937691",
10,2022/01/16,2022/01/22,40,"35050841, 35049519, 35049436, 35049214, 35047896, 35047377, 35046815, 35046345, 35045877, 35045715, 35044117, 35043830, 35042765, 35042388, 35042344, 35039180, 35038341, 35038280, 35037916, 35037810, 35037789, 35037778, 35037775, 35036418, 35035642, 35035641, 35035640, 35035639, 35035638, 35035637, 35035635, 35035634, 35035633, 35035615, 35033079, 35032858, 35031769, 35031027, 34968394, 34935858",
11,2022/01/23,2022/01/29,111,"35089657, 35089650, 35088393, 35088232, 35088067, 35087782, 35087781, 35087696, 35087374, 35087286, 35086859, 35086803, 35086802, 35086772, 35084792, 35084487, 35084464, 35084462, 35084451, 35084448, 35084439, 35084122, 35083917, 35083130, 35082550, 35082193, 35082103, 35082012, 35082011, 35082008, 35082007, 35081939, 35081043, 35081041, 35081040, 35081039, 35080761, 35078907, 35078837, 35078766, 35078763, 35078434, 35077810, 35076810, 35076642, 35076632, 35076623, 35076621, 35076609, 35076604, 35076593, 35076590, 35076576, 35076573, 35076570, 35076506, 35075930, 35075166, 35074855, 35074854, 35074853, 35074852, 35074851, 35074813, 35074360, 35073999, 35073598, 35073326, 35073291, 35072391, 35072149, 35071019, 35070313, 35070309, 35070238, 35069205, 35068248, 35067857, 35067477, 35067476, 35067216, 35066897, 35066891, 35065886, 35065513, 35065264, 35064396, 35064019, 35063745, 35063368, 35063367, 35062737, 35062727, 35062092, 35060897, 35060795, 35060443, 35060419, 35058977, 35058226, 35057765, 35056999, 35056322, 35055762, 35053682, 35052883, 35052310, 35052253, 35052247, 35041883, 34742917",
12,2022/01/30,2022/02/05,69,"35120174, 35118756, 35117984, 35116495, 35116252, 35116213, 35116211, 35116210, 35116209, 35116208, 35116207, 35116206, 35115349, 35115261, 35114845, 35113932, 35113724, 35112381, 35111550, 35110510, 35110454, 35110447, 35110446, 35110445, 35110444, 35109916, 35108281, 35107651, 35107031, 35105611, 35105603, 35105467, 35105270, 35105158, 35103505, 35103383, 35102778, 35101950, 35101859, 35101858, 35101367, 35101135, 35100089, 35099344, 35098745, 35098744, 35096400, 35096194, 35095369, 35094980, 35094977, 35094908, 35094528, 35093864, 35093409, 35093205, 35093049, 35093037, 35092805, 35092599, 35092566, 35092116, 35091845, 35090816, 35090815, 35090814, 35090571, 35090486, 35090479",
13,2022/02/06,2022/02/12,74,"35146780, 35146427, 35146339, 35146329, 35146001, 35145831, 35145559, 35145346, 35145341, 35145044, 35144864, 35142014, 35141726, 35141725, 35141723, 35140953, 35140146, 35139838, 35139146, 35139107, 35139035, 35138704, 35138252, 35136945, 35136936, 35136920, 35136913, 35136476, 35135959, 35135766, 35135583, 35135535, 35135388, 35132895, 35132528, 35132050, 35132006, 35131764, 35131378, 35130945, 35130496, 35130448, 35129789, 35129031, 35128517, 35128316, 35127360, 35126891, 35126195, 35125906, 35125293, 35125200, 35125199, 35125198, 35125197, 35125196, 35125195, 35125194, 35125193, 35125190, 35125189, 35124762, 35124391, 35123980, 35123903, 35123895, 35122753, 35122366, 35121572, 35121571, 35121041, 35120864, 35120863, 35120858",
14,2022/02/13,2022/02/19,69,"35180569, 35180273, 35180236, 35178969, 35178934, 35178144, 35177888, 35177374, 35176759, 35175184, 35174525, 35173616, 35172940, 35172827, 35172734, 35172420, 35172202, 35171997, 35169356, 35168915, 35168911, 35168890, 35168875, 35168802, 35168554, 35168391, 35168091, 35167898, 35166780, 35166143, 35165546, 35165094, 35165042, 35164988, 35164607, 35163437, 35162889, 35162670, 35162358, 35162213, 35160314, 35160166, 35160018, 35158928, 35158260, 35157667, 35157383, 35156937, 35156557, 35156131, 35156130, 35156030, 35155714, 35155350, 35153160, 35152746, 35152426, 35151871, 35151625, 35151583, 35151418, 35151315, 35151310, 35151024, 35150434, 35150183, 35149574, 35148901, 34970774",
15,2022/02/20,2022/02/26,106,"35213897, 35213469, 35213293, 35213107, 35212232, 35211832, 35211684, 35210972, 35210962, 35209830, 35208544, 35207803, 35206942, 35206900, 35206894, 35206255, 35205314, 35203860, 35203852, 35203822, 35203804, 35203777, 35203764, 35203747, 35203744, 35202083, 35202082, 35202080, 35202078, 35202077, 35202075, 35202073, 35202072, 35202068, 35202067, 35201525, 35200057, 35200055, 35199580, 35199579, 35198506, 35198505, 35198298, 35197854, 35197658, 35197254, 35197155, 35197154, 35197153, 35197152, 35197149, 35197075, 35196187, 35195483, 35195479, 35195104, 35194175, 35193547, 35192802, 35192781, 35192554, 35191505, 35191159, 35190803, 35190512, 35190456, 35190455, 35190453, 35190450, 35190430, 35190423, 35190168, 35190167, 35190165, 35190163, 35190161, 35190159, 35190158, 35190157, 35190156, 35190155, 35190154, 35190153, 35190152, 35190151, 35189400, 35188934, 35188928, 35188826, 35188048, 35187614, 35187576, 35187525, 35187415, 35186557, 35186433, 35184758, 35184616, 35184333, 35184003, 35183460, 35183459, 35181643, 35180860, 35110443, 35045990",
16,2022/02/27,2022/03/05,69,"35245914, 35245312, 35241990, 35241981, 35241980, 35241634, 35241436, 35241184, 35241170, 35240532, 35240506, 35240242, 35240037, 35239471, 35239230, 35238282, 35238257, 35238008, 35237029, 35236731, 35236407, 35236166, 35235950, 35235757, 35235647, 35235547, 35234708, 35234102, 35234072, 35233279, 35232489, 35231942, 35231719, 35231398, 35230633, 35229966, 35229691, 35228377, 35228376, 35228375, 35228374, 35228373, 35228372, 35228199, 35228198, 35227321, 35227265, 35227050, 35226701, 35225344, 35225341, 35225044, 35223304, 35222018, 35221837, 35221828, 35221745, 35221460, 35221235, 35221234, 35220648, 35219572, 35219279, 35218218, 35218217, 35217861, 35215255, 35214609, 35214052",
17,2022/03/06,2022/03/12,58,"35276480, 35274995, 35274562, 35274535, 35274083, 35272985, 35271509, 35270813, 35270472, 35270231, 35270206, 35268704, 35268042, 35264858, 35264519, 35264179, 35264175, 35264048, 35262700, 35262691, 35262672, 35262457, 35261856, 35261305, 35261078, 35260413, 35258694, 35257281, 35257163, 35256284, 35256158, 35256028, 35255863, 35255196, 35255122, 35254209, 35253776, 35253504, 35253177, 35252954, 35252953, 35252615, 35252407, 35251950, 35250599, 35250327, 35249822, 35249052, 35248541, 35248484, 35248331, 35247263, 35247148, 35247147, 35246971, 35246117, 34800830, 34741596",
18,2022/03/13,2022/03/19,67,"35303305, 35302652, 35301856, 35300810, 35300730, 35300683, 35300662, 35300357, 35300027, 35300026, 35300024, 35300022, 35300020, 35300019, 35300017, 35299697, 35297507, 35296458, 35296394, 35296385, 35296307, 35296196, 35296179, 35295325, 35294449, 35294017, 35294016, 35294010, 35293076, 35292814, 35292459, 35292455, 35292260, 35292212, 35292032, 35291316, 35291025, 35291005, 35290653, 35290438, 35290392, 35290378, 35289427, 35289036, 35288835, 35288094, 35287972, 35287764, 35287746, 35286905, 35286053, 35285970, 35285290, 35284196, 35284082, 35283066, 35282155, 35281922, 35281210, 35281136, 35278308, 35278307, 35277404, 35277381, 35277361, 35277145, 34990294",
19,2022/03/20,2022/03/26,93,"35333208, 35333022, 35333017, 35333015, 35332931, 35332788, 35332787, 35332557, 35332064, 35331980, 35331617, 35331488, 35331197, 35331122, 35331048, 35331037, 35330421, 35329431, 35328842, 35327673, 35327033, 35327028, 35326981, 35326862, 35326844, 35326793, 35325584, 35325201, 35325143, 35325134, 35325047, 35325035, 35324362, 35323859, 35322454, 35321755, 35320485, 35320289, 35318920, 35318713, 35318162, 35317803, 35317473, 35316690, 35315159, 35314763, 35314621, 35314619, 35314617, 35314616, 35314448, 35314424, 35314119, 35314118, 35313880, 35313632, 35311594, 35311397, 35310539, 35310405, 35310300, 35310187, 35308926, 35308574, 35307471, 35307311, 35307310, 35307309, 35307100, 35307099, 35307098, 35307096, 35307095, 35307094, 35307093, 35307090, 35307089, 35307088, 35307086, 35307085, 35307084, 35307083, 35307082, 35307017, 35306683, 35306287, 35305926, 35305609, 35304601, 35304413, 35304228, 35303864, 35303814",
20,2022/03/27,2022/04/02,71,"35363886, 35363658, 35362282, 35362208, 35361995, 35361619, 35361584, 35361503, 35361211, 35360810, 35360007, 35359861, 35358983, 35358319, 35358312, 35357961, 35356830, 35356646, 35355914, 35354292, 35354290, 35353894, 35353042, 35352703, 35352594, 35351798, 35351797, 35351709, 35351354, 35351326, 35351121, 35351117, 35350470, 35350162, 35350161, 35349576, 35349127, 35349045, 35348582, 35347946, 35346606, 35346393, 35346380, 35346050, 35345265, 35344192, 35343287, 35343261, 35342909, 35342831, 35342646, 35341711, 35339394, 35339393, 35338069, 35337757, 35337661, 35337429, 35337428, 35337425, 35335968, 35335106, 35335072, 35335066, 35334983, 35334884, 35334614, 35334609, 35334585, 35334546, 35016215",
21,2022/04/03,2022/04/09,90,"35395672, 35395002, 35393294, 35393248, 35392907, 35392902, 35392901, 35392695, 35392558, 35392393, 35391834, 35390120, 35390112, 35389359, 35387829, 35387816, 35387806, 35387691, 35387676, 35387515, 35387511, 35387504, 35387377, 35387376, 35387375, 35387374, 35387370, 35387369, 35387365, 35387329, 35385110, 35384685, 35384106, 35382984, 35382881, 35382725, 35382638, 35381078, 35380395, 35380394, 35380393, 35379651, 35379573, 35379560, 35379559, 35379307, 35379143, 35379116, 35379112, 35379107, 35379106, 35379101, 35379100, 35379090, 35379085, 35379027, 35378673, 35378077, 35377247, 35373719, 35373631, 35373251, 35373075, 35372184, 35370698, 35370483, 35370197, 35370190, 35370188, 35370187, 35370185, 35370184, 35369889, 35369578, 35369396, 35368557, 35368054, 35367998, 35367164, 35367143, 35366905, 35366769, 35365533, 35365488, 35365487, 35365486, 35365406, 35365405, 35365212, 35364752",
22,2022/04/10,2022/04/16,66,"35427944, 35427359, 35426008, 35422698, 35422008, 35421057, 35420749, 35419370, 35419335, 35418756, 35418739, 35418403, 35418325, 35418269, 35418072, 35418048, 35418019, 35417791, 35417771, 35417659, 35416984, 35416833, 35414586, 35414562, 35414550, 35414485, 35414327, 35413920, 35413836, 35413010, 35413007, 35412866, 35411372, 35411270, 35411192, 35410988, 35410875, 35410850, 35410312, 35410242, 35409914, 35409584, 35407628, 35405078, 35404549, 35404138, 35403665, 35403548, 35403383, 35402654, 35402313, 35402300, 35401242, 35401235, 35401200, 35400748, 35400614, 35398722, 35398004, 35397932, 35397543, 35397527, 35397487, 35396281, 35396214, 34783956",
23,2022/04/17,2022/04/23,54,"35451671, 35451011, 35450833, 35450832, 35450560, 35450559, 35450558, 35450556, 35449711, 35449352, 35449351, 35449350, 35448705, 35448704, 35448703, 35448700, 35446953, 35445311, 35444395, 35444126, 35443829, 35443678, 35443215, 35443037, 35442799, 35442772, 35442491, 35442480, 35442213, 35442212, 35440926, 35440429, 35440225, 35440223, 35439812, 35439284, 35438472, 35436957, 35436946, 35436887, 35435960, 35435816, 35434296, 35434000, 35433900, 35433590, 35431705, 35431591, 35431000, 35428696, 35428579, 35428578, 35428282, 35314445",
24,2022/04/24,2022/04/30,185,"35488266, 35487878, 35487821, 35487683, 35486950, 35486586, 35485261, 35484871, 35484869, 35484867, 35484711, 35483826, 35483822, 35483821, 35483820, 35483819, 35483818, 35483817, 35483816, 35483815, 35483814, 35483813, 35483812, 35483810, 35483809, 35483808, 35483807, 35483806, 35483805, 35483803, 35483415, 35483398, 35483212, 35482989, 35481962, 35481428, 35481132, 35481131, 35481130, 35481129, 35481128, 35481127, 35481126, 35481125, 35481124, 35481123, 35481122, 35481121, 35481120, 35481116, 35481115, 35481113, 35481112, 35481111, 35480619, 35480618, 35480617, 35480616, 35480615, 35480613, 35480612, 35480611, 35480609, 35480604, 35480602, 35480600, 35480597, 35480075, 35479849, 35479848, 35479847, 35479846, 35479845, 35479843, 35479842, 35479841, 35479840, 35479839, 35479837, 35479506, 35479505, 35479504, 35479501, 35478530, 35478529, 35478528, 35478527, 35478526, 35478525, 35478524, 35478523, 35478522, 35478521, 35478520, 35478518, 35478517, 35478515, 35478512, 35478511, 35478509, 35478508, 35478507, 35478504, 35478502, 35478500, 35477626, 35477589, 35477358, 35476969, 35476885, 35476882, 35476628, 35475978, 35475401, 35475369, 35475229, 35474652, 35474651, 35474650, 35474647, 35474645, 35474644, 35474643, 35474642, 35474155, 35473928, 35472247, 35472143, 35471247, 35471065, 35470747, 35470174, 35470173, 35470172, 35470170, 35470169, 35470168, 35469773, 35469494, 35469451, 35469338, 35469305, 35469121, 35469029, 35468186, 35466999, 35466997, 35466992, 35466767, 35466351, 35466072, 35466066, 35465767, 35465688, 35465635, 35464784, 35464639, 35464638, 35464499, 35464254, 35462836, 35462033, 35461778, 35461289, 35461147, 35460410, 35459699, 35459698, 35459437, 35459405, 35458207, 35457700, 35457620, 35457564, 35456524, 35456163, 35455928, 35455900, 35455892, 35455859, 35455829, 35455796, 35455694, 35455523, 35453723",
25,2022/05/01,2022/05/07,88,"35523691, 35523598, 35523537, 35523432, 35523113, 35522700, 35522626, 35522564, 35522029, 35521027, 35521024, 35521022, 35521019, 35521013, 35521012, 35521010, 35521009, 35521004, 35521003, 35521002, 35520965, 35519087, 35519086, 35519085, 35519084, 35519082, 35519081, 35519080, 35519079, 35517043, 35514300, 35513384, 35512276, 35511925, 35511828, 35511822, 35511459, 35511222, 35510364, 35509509, 35509385, 35509353, 35509234, 35508374, 35508009, 35507636, 35507635, 35507568, 35506711, 35505618, 35505602, 35505447, 35503938, 35503234, 35502998, 35502826, 35502518, 35502433, 35501712, 35501699, 35501544, 35501229, 35500922, 35499684, 35499399, 35498228, 35497907, 35497904, 35497902, 35497900, 35497899, 35497897, 35497896, 35497895, 35497894, 35497893, 35497892, 35496350, 35496268, 35495384, 35495074, 35493115, 35491381, 35490592, 35490096, 35490092, 35490088, 35488847",
26,2022/05/08,2022/05/14,73,"35562697, 35561484, 35561289, 35561252, 35560901, 35558353, 35558350, 35558342, 35556187, 35555922, 35553949, 35553130, 35552598, 35552542, 35552253, 35552205, 35551556, 35550731, 35550730, 35550478, 35550379, 35550348, 35550347, 35550329, 35549672, 35549531, 35548351, 35546745, 35546465, 35546411, 35544740, 35541695, 35541501, 35538566, 35538500, 35538396, 35537904, 35537793, 35537742, 35537741, 35537001, 35536856, 35536741, 35536578, 35536577, 35535859, 35533298, 35532973, 35532708, 35532379, 35532337, 35532336, 35532327, 35532111, 35531595, 35530259, 35529886, 35528856, 35528851, 35528849, 35528291, 35528114, 35527831, 35527829, 35527828, 35527824, 35527209, 35526877, 35526467, 35526277, 35526276, 35525834, 35256285",
27,2022/05/15,2022/05/21,67,"35593800, 35593786, 35596014, 35595641, 35595640, 35595639, 35594507, 35593129, 35593116, 35592795, 35592446, 35589543, 35589531, 35589145, 35588562, 35587790, 35587207, 35586760, 35585504, 35583869, 35583499, 35583116, 35582322, 35582321, 35582320, 35582319, 35581524, 35581455, 35581128, 35581127, 35581126, 35581104, 35579964, 35579209, 35578243, 35578234, 35577729, 35577728, 35577465, 35577424, 35577387, 35577148, 35576337, 35575956, 35575570, 35575567, 35574961, 35573572, 35573485, 35572779, 35572212, 35572210, 35571349, 35571348, 35571344, 35571343, 35570966, 35570128, 35570119, 35568892, 35568834, 35568481, 35568479, 35568474, 35568248, 35566101, 35564673",
28,2022/05/22,2022/05/28,90,"35623753, 35623024, 35621721, 35619839, 35619821, 35618648, 35617608, 35617266, 35616400, 35616305, 35615979, 35615884, 35615834, 35615491, 35615490, 35615487, 35615485, 35615482, 35615407, 35615296, 35614463, 35613403, 35613115, 35613106, 35612080, 35610968, 35610770, 35610769, 35610766, 35610727, 35610074, 35609353, 35609230, 35609161, 35609061, 35609002, 35608887, 35608745, 35607362, 35607292, 35606834, 35606308, 35605530, 35605217, 35605142, 35603759, 35603545, 35603500, 35603459, 35603255, 35603251, 35601800, 35601727, 35601726, 35601725, 35601723, 35601721, 35601717, 35601713, 35601711, 35601594, 35601593, 35601592, 35601591, 35601588, 35601585, 35601584, 35601581, 35601580, 35601578, 35601577, 35601575, 35601574, 35601573, 35601001, 35600283, 35600280, 35600277, 35600276, 35599318, 35599203, 35599169, 35598191, 35598141, 35598014, 35597617, 35596269, 35596266, 35596242, 35489411",
29,2022/05/29,2022/06/04,73,"35653185, 35652528, 35652522, 35652493, 35651306, 35650614, 35650086, 35650078, 35650077, 35650076, 35650075, 35650074, 35650073, 35648666, 35647820, 35647238, 35646788, 35646383, 35645334, 35645333, 35645332, 35645330, 35645328, 35645318, 35645306, 35644293, 35644154, 35643747, 35643625, 35642282, 35642275, 35642271, 35642053, 35642033, 35640785, 35640562, 35640494, 35640360, 35640122, 35639813, 35639757, 35638403, 35637720, 35637711, 35637583, 35637153, 35637152, 35637092, 35635268, 35634903, 35634531, 35633995, 35633757, 35632513, 35631618, 35629140, 35628067, 35628044, 35627943, 35627925, 35627724, 35627707, 35627589, 35627513, 35626136, 35625335, 35625305, 35625255, 35624884, 35624509, 35624492, 35624037, 35623966",
30,2022/06/05,2022/06/11,65,"35688776, 35688723, 35688687, 35688461, 35687540, 35685634, 35685594, 35685555, 35685526, 35685510, 35685451, 35683804, 35680946, 35677699, 35678204, 35678128, 35677869, 35677698, 35677264, 35676873, 35676727, 35676676, 35676644, 35676011, 35675751, 35675343, 35675120, 35675066, 35673176, 35672207, 35671841, 35671342, 35670587, 35669700, 35669305, 35669302, 35668482, 35668277, 35668005, 35667723, 35667463, 35667462, 35667146, 35666478, 35665362, 35664832, 35664412, 35662711, 35662698, 35662689, 35661933, 35660852, 35660794, 35660285, 35658955, 35658810, 35657965, 35657747, 35657743, 35657741, 35657740, 35656303, 35656287, 35655381, 35655244",
31,2022/06/12,2022/06/18,64,"35715111, 35715110, 35715109, 35715107, 35715106, 35715105, 35715104, 35715103, 35715102, 35715101, 35715100, 35715098, 35715096, 35715095, 35715094, 35713738, 35711863, 35711170, 35710898, 35706055, 35705434, 35705364, 35705337, 35710400, 35710392, 35710114, 35709421, 35709136, 35708606, 35707861, 35707460, 35706589, 35704937, 35704875, 35704704, 35704702, 35704467, 35704458, 35702922, 35702683, 35701826, 35701808, 35701570, 35701314, 35701281, 35701208, 35701064, 35700952, 35699862, 35699243, 35698115, 35698052, 35696282, 35695831, 35695713, 35695229, 35694013, 35693549, 35693446, 35693434, 35691859, 35691797, 35691255, 35690564",
32,2022/06/19,2022/06/25,91,"35750567, 35750108, 35748864, 35748502, 35747999, 35747699, 35747414, 35746819, 35746535, 35743759, 35742606, 35742165, 35742128, 35742066, 35740166, 35739046, 35738663, 35738661, 35738438, 35738224, 35738029, 35737896, 35737857, 35737449, 35736781, 35736780, 35736779, 35736778, 35736777, 35736775, 35736774, 35736773, 35736772, 35736771, 35735765, 35735120, 35734338, 35733607, 35733223, 35732427, 35732271, 35731643, 35731635, 35731467, 35731094, 35731087, 35728970, 35728951, 35728909, 35728818, 35728628, 35728163, 35728076, 35727762, 35726977, 35726679, 35726381, 35726199, 35726144, 35725728, 35725537, 35725517, 35725265, 35723936, 35723880, 35722828, 35721182, 35721126, 35721109, 35721038, 35719834, 35719659, 35719432, 35719101, 35719016, 35718715, 35718714, 35718713, 35718683, 35718393, 35717529, 35717481, 35717191, 35717159, 35716077, 35716053, 35715815, 35715742, 35715725, 35715569, 35715321",
33,2022/06/26,2022/07/02,71,"35778317, 35777844, 35776902, 35776294, 35775387, 35775245, 35774011, 35773225, 35773167, 35773164, 35773118, 35773088, 35771697, 35770934, 35770294, 35770196, 35770137, 35769840, 35769839, 35768867, 35768817, 35768308, 35768216, 35768076, 35765693, 35765206, 35764850, 35764417, 35764416, 35764415, 35764413, 35764412, 35764411, 35764410, 35763396, 35763307, 35762931, 35762314, 35761284, 35761018, 35760590, 35760580, 35760564, 35760557, 35760437, 35759701, 35759634, 35758862, 35758766, 35757892, 35757566, 35757195, 35757118, 35756825, 35755717, 35754581, 35752924, 35752923, 35752922, 35752921, 35752920, 35752919, 35752917, 35752602, 35752295, 35751746, 35751160, 35751159, 35751145, 35442072, 34978215",
34,2022/07/03,2022/07/09,63,"35804428, 35804275, 35804130, 35803671, 35803669, 35803668, 35803634, 35803606, 35803592, 35803458, 35802809, 35801194, 35801163, 35801161, 35801158, 35801134, 35800339, 35800269, 35799387, 35799385, 35799184, 35799164, 35799160, 35799036, 35798508, 35797304, 35796902, 35796846, 35794961, 35794851, 35794285, 35794225, 35794077, 35793968, 35792151, 35792149, 35792148, 35791577, 35791477, 35790983, 35790361, 35790331, 35790213, 35789071, 35788213, 35788124, 35787811, 35787174, 35786788, 35786594, 35786208, 35785801, 35784261, 35784108, 35784105, 35784104, 35782690, 35781820, 35781704, 35781687, 35781567, 35781507, 35778805",
35,2022/07/10,2022/07/16,82,"35841030, 35840960, 35840140, 35839623, 35837814, 35836815, 35836746, 35836104, 35835724, 35835686, 35834737, 35834530, 35834302, 35834092, 35833242, 35833013, 35832802, 35832569, 35831793, 35831783, 35831730, 35830891, 35830229, 35830025, 35830016, 35829951, 35829822, 35829729, 35822346, 35821552, 35821147, 35820913, 35820869, 35820140, 35820136, 35820135, 35820134, 35820133, 35820131, 35820130, 35820124, 35819277, 35818740, 35818372, 35818277, 35818275, 35817072, 35815891, 35813761, 35813697, 35813573, 35813531, 35813530, 35813528, 35813527, 35813525, 35813287, 35812997, 35812151, 35812147, 35812145, 35810412, 35810342, 35810054, 35809912, 35809911, 35809910, 35809909, 35809906, 35809905, 35809904, 35809903, 35809902, 35809901, 35809900, 35809899, 35809010, 35808979, 35805672, 35805553, 35805468, 35302484",
36,2022/07/17,2022/07/23,64,"35868151, 35867534, 35867307, 35867108, 35867030, 35866463, 35866296, 35864038, 35864036, 35863830, 35863072, 35862219, 35861664, 35860649, 35860014, 35854383, 35854313, 35854278, 35854263, 35853693, 35853692, 35853691, 35858706, 35858479, 35857602, 35856577, 35856096, 35855987, 35855918, 35850770, 35850725, 35850724, 35850551, 35849336, 35849136, 35849127, 35848948, 35848055, 35847472, 35847469, 35847468, 35847467, 35847466, 35847464, 35847461, 35847459, 35847458, 35847030, 35846501, 35846437, 35846246, 35845564, 35845556, 35844320, 35843802, 35811806, 35842688, 35842597, 35842397, 35842299, 35842297, 35842106, 35841846, 35841469",
37,2022/07/24,2022/07/30,103,"35906649, 35906499, 35905264, 35905260, 35905241, 35905133, 35904858, 35903532, 35903528, 35903527, 35903526, 35903525, 35903323, 35903286, 35903180, 35901229, 35902481, 35902196, 35902181, 35900352, 35900034, 35900004, 35899435, 35898673, 35898263, 35898260, 35898259, 35898256, 35898254, 35898249, 35898246, 35898244, 35898242, 35898240, 35897865, 35897414, 35897405, 35896358, 35896357, 35896285, 35895097, 35894322, 35893728, 35893727, 35893726, 35893724, 35893722, 35893721, 35893719, 35893718, 35893716, 35893715, 35893714, 35893712, 35893710, 35893709, 35893708, 35893705, 35893307, 35893207, 35893191, 35890423, 35890417, 35890305, 35886614, 35886551, 35886453, 35886282, 35886120, 35885814, 35885791, 35885760, 35885734, 35885694, 35884230, 35884175, 35884134, 35883189, 35882822, 35882533, 35881917, 35881618, 35880865, 35880789, 35880221, 35879963, 35879849, 35879848, 35879840, 35879147, 35877554, 35877472, 35876085, 35875042, 35874866, 35873587, 35873287, 35872540, 35869691, 35869633, 35869466, 35868964, 35852959",
38,2022/07/31,2022/08/06,94,"35931343, 35930555, 35929617, 35929568, 35928298, 35928259, 35927690, 35927161, 35926866, 35925971, 35925815, 35925547, 35924710, 35924671, 35924640, 35924228, 35924066, 35923833, 35923386, 35923382, 35922709, 35922229, 35922057, 35922043, 35921139, 35921075, 35919808, 35919807, 35919806, 35919805, 35919803, 35919801, 35919800, 35919799, 35919798, 35919797, 35919796, 35919794, 35919791, 35919790, 35918687, 35918240, 35918204, 35917280, 35917116, 35916907, 35916756, 35916546, 35915837, 35915705, 35915498, 35915491, 35914923, 35914913, 35914854, 35914853, 35914851, 35914850, 35914849, 35914847, 35914846, 35914843, 35914840, 35913890, 35913500, 35913421, 35912833, 35912495, 35912379, 35912137, 35912000, 35911528, 35911243, 35910816, 35910488, 35910298, 35909919, 35909716, 35909715, 35909713, 35909712, 35909321, 35908952, 35908949, 35908944, 35908942, 35908940, 35908897, 35908891, 35908142, 35907370, 35907162, 35906797, 35512267",
39,2022/08/07,2022/08/13,59,"35962450, 35962367, 35961939, 35961938, 35961937, 35961721, 35961713, 35961681, 35960736, 35958890, 35958792, 35958047, 35957787, 35957656, 35956960, 35956173, 35954990, 35953461, 35953379, 35953378, 35953377, 35952848, 35952847, 35951218, 35948970, 35947475, 35947138, 35946933, 35946853, 35946835, 35945560, 35944699, 35943099, 35942810, 35942582, 35942561, 35942386, 35942359, 35942358, 35942357, 35942356, 35942184, 35941069, 35940595, 35940491, 35938485, 35938480, 35938183, 35938080, 35937306, 35935922, 35935003, 35934666, 35933598, 35933349, 35932795, 35930252, 35876827, 35731644",
40,2022/08/14,2022/08/20,36,"35984396, 35984054, 35983764, 35983762, 35983649, 35981874, 35980967, 35980283, 35980210, 35979934, 35979912, 35978336, 35977885, 35977268, 35977131, 35977066, 35976863, 35976677, 35976371, 35976174, 35975957, 35974684, 35973934, 35972988, 35972501, 35972228, 35970728, 35969589, 35968452, 35967469, 35966898, 35965841, 35965233, 35962911, 35962583, 35526280",
41,2022/08/21,2022/08/27,102,"36028751, 36027607, 36027448, 36026768, 36018467, 36017809, 36017807, 36017785, 36016243, 36016241, 36016176, 36016124, 36015293, 36015156, 36014460, 36013297, 36013259, 36013216, 36011946, 36011791, 36011765, 36011723, 36011692, 36011690, 36011579, 36011453, 36011198, 36011188, 36011146, 36011109, 36011097, 36011091, 36010964, 36010002, 36009993, 36009950, 36007236, 36006950, 36006935, 36006021, 36005940, 36005938, 36005936, 36005934, 36005933, 36005932, 36005226, 36004843, 36003624, 36003232, 36002947, 36002310, 36002245, 36002045, 36001473, 36001468, 36001103, 36000642, 36000636, 36000448, 36000299, 36000285, 35999778, 35999571, 35999428, 35998941, 35998940, 35998197, 35997864, 35997489, 35997159, 35996880, 35996419, 35996393, 35996155, 35995695, 35995694, 35995612, 35994459, 35994393, 35994324, 35994180, 35994031, 35993624, 35993387, 35993220, 35992770, 35991694, 35991693, 35991683, 35990783, 35989427, 35989151, 35989150, 35987842, 35987720, 35987672, 35987631, 35986928, 35986241, 35985978, 35985958",
42,2022/08/28,2022/09/03,98,"36055708, 36055707, 36055706, 36055705, 36055700, 36055694, 36055692, 36055691, 36055690, 36054994, 36053913, 36053765, 36053762, 36053761, 36052841, 36052826, 36052652, 36052608, 36052449, 36051822, 36051610, 36050942, 36049791, 36049547, 36049545, 36048926, 36048762, 36047534, 36047515, 36047381, 36047249, 36047224, 36047223, 36047222, 36047221, 36047219, 36047218, 36047199, 36046971, 36046350, 36046349, 36045963, 36045795, 36045385, 36044721, 36044343, 36043662, 36043623, 36042992, 36042955, 36042676, 36042508, 36041964, 36041856, 36041855, 36040320, 36039568, 36039563, 36039495, 36039456, 36039373, 36039001, 36038998, 36038997, 36038996, 36038994, 36038522, 36038458, 36038438, 36037328, 36035318, 36034792, 36034490, 36034332, 36034015, 36033127, 36033126, 36033125, 36033120, 36033119, 36033118, 36033116, 36033115, 36033113, 36033112, 36033111, 36033110, 36032653, 36032513, 36032031, 36031952, 36031547, 36031545, 36031527, 36031477, 36029952, 35132556, 34785497",
43,2022/09/04,2022/09/10,65,"36085121, 36084067, 36083990, 36083099, 36083006, 36082956, 36082927, 36082890, 36082146, 36082145, 36082143, 36082017, 36081922, 36081919, 36081918, 36081916, 36081538, 36081537, 36081535, 36081472, 36079846, 36079117, 36079082, 36078707, 36078618, 36078274, 36075057, 36073295, 36072918, 36072438, 36071741, 36071740, 36071738, 36071736, 36070597, 36070430, 36070355, 36069440, 36069288, 36069199, 36068143, 36067264, 36067260, 36067137, 36066156, 36064524, 36063594, 36063403, 36063398, 36063397, 36062944, 36062533, 36062453, 36060610, 36060508, 36059357, 36057722, 36057589, 36057584, 36056791, 36056788, 36056662, 36056234, 36055965, 36055930",
44,2022/09/11,2022/09/17,66,"36114459, 36114100, 36113036, 36112604, 36112421, 36112324, 36111419, 36111010, 36110553, 36110542, 36110532, 36109756, 36109333, 36108084, 36106268, 36106156, 36105506, 36105487, 36105206, 36104805, 36104209, 36103398, 36102463, 36102460, 36102210, 36102178, 36102016, 36101748, 36101672, 36101553, 36101532, 36100818, 36100635, 36100521, 36099084, 36099081, 36099018, 36098836, 36098619, 36097239, 36096881, 36096865, 36096846, 36096283, 36094680, 36094556, 36094441, 36094069, 36093791, 36091832, 36091769, 36091548, 36091186, 36090828, 36090669, 36090649, 36089458, 36088328, 36088208, 36088188, 36087590, 36087586, 36087297, 36087114, 36076191, 35461779",
45,2022/09/18,2022/09/24,103,"36150356, 36149825, 36149666, 36149587, 36149105, 36148562, 36148429, 36148411, 36147424, 36146558, 36146488, 36145426, 36145312, 36143974, 36143284, 36143184, 36141986, 36141915, 36141441, 36141318, 36141242, 36140003, 36139990, 36139951, 36139938, 36139929, 36139925, 36138622, 36138303, 36137928, 36137927, 36137888, 36137887, 36137632, 36137622, 36137621, 36136847, 36136846, 36136845, 36136844, 36136843, 36136842, 36136841, 36136840, 36136837, 36136836, 36136835, 36136215, 36131922, 36131887, 36129507, 36129251, 36128498, 36127279, 36127278, 36127277, 36127276, 36127275, 36127240, 36127239, 36125097, 36124985, 36124766, 36124326, 36123632, 36123250, 36123233, 36123232, 36122086, 36122083, 36122080, 36122416, 36122167, 36121842, 36121830, 36121366, 36121071, 36120151, 36119751, 36119342, 36118374, 36117878, 36117877, 36117125, 36117124, 36117123, 36117122, 36117121, 36117120, 36117119, 36117106, 36117105, 36116000, 36115760, 36115759, 36115758, 36115757, 36115681, 36115620, 36115001, 36049546, 36049544, 35724711",
46,2022/09/25,2022/10/01,85,"36180937, 36180847, 36180366, 36180334, 36180176, 36179117, 36179116, 36179108, 36178881, 36178832, 36176570, 36176427, 36175892, 36175870, 36175352, 36175273, 36174959, 36174193, 36173988, 36171673, 36171670, 36171668, 36171666, 36171663, 36171156, 36170940, 36170933, 36170895, 36169929, 36169402, 36169377, 36168548, 36168509, 36168492, 36168491, 36168451, 36167762, 36167584, 36166613, 36165801, 36165733, 36165085, 36164846, 36164614, 36164506, 36164175, 36163126, 36163125, 36163012, 36161966, 36160402, 36160293, 36160160, 36159406, 36159065, 36157618, 36156267, 36156065, 36156015, 36155954, 36155176, 36154989, 36154966, 36154965, 36154964, 36154963, 36154962, 36154960, 36154959, 36154958, 36154957, 36154955, 36154954, 36154952, 36154834, 36153818, 36153643, 36153521, 36153269, 36153244, 36153038, 36152491, 36151026, 36151025, 35798622",
47,2022/10/02,2022/10/08,79,"36207708, 36207365, 36207271, 36207038, 36207032, 36207031, 36206374, 36205419, 36205087, 36204812, 36204524, 36204520, 36204499, 36203236, 36202712, 36202711, 36202594, 36202422, 36202421, 36201650, 36201495, 36201194, 36201111, 36200957, 36200484, 36200429, 36199492, 36198682, 36198477, 36198073, 36197787, 36197406, 36197011, 36196779, 36196607, 36196443, 36196333, 36196225, 36195963, 36195335, 36195017, 36194490, 36194370, 36194261, 36193947, 36193931, 36193689, 36193227, 36193225, 36193223, 36192695, 36192532, 36192350, 36192343, 36192245, 36190635, 36189738, 36189654, 36189454, 36189414, 36187029, 36186251, 36186248, 36186243, 36186105, 36184507, 36184506, 36184445, 36184385, 36184243, 36184007, 36183227, 36183224, 36183223, 36183221, 36183213, 36183203, 36182631, 36181369",
48,2022/10/09,2022/10/15,72,"36241488, 36241476, 36241403, 36241377, 36241376, 36240532, 36240214, 36240174, 36239755, 36239598, 36239574, 36239126, 36238562, 36233497, 36232215, 36232195, 36231605, 36231505, 36231341, 36231307, 36229765, 36229756, 36228028, 36227627, 36227431, 36226225, 36225669, 36225609, 36225265, 36224350, 36223613, 36222805, 36222800, 36222170, 36220754, 36220668, 36220334, 36220178, 36220177, 36220176, 36219305, 36219005, 36218988, 36218955, 36218952, 36218440, 36217874, 36217375, 36212547, 36216993, 36216755, 36216753, 36216498, 36215215, 36215104, 36214937, 36214581, 36214524, 36212991, 36211685, 36211624, 36210873, 36210084, 36209306, 36209260, 36209035, 36209034, 36208954, 36207954, 36207942, 36207878, 34785495",
49,2022/10/16,2022/10/22,89,"36270908, 36270780, 36270665, 36270664, 36270663, 36270661, 36269748, 36269289, 36269237, 36269031, 36268411, 36268130, 36268129, 36267757, 36266176, 36266175, 36266174, 36265864, 36265833, 36264995, 36264686, 36264659, 36264359, 36264082, 36263537, 36263511, 36263132, 36262226, 36262221, 36261340, 36261303, 36261208, 36259684, 36259502, 36258309, 36256773, 36256765, 36258259, 36258258, 36258191, 36257007, 36256921, 36256854, 36256517, 36255033, 36254939, 36254513, 36254511, 36254326, 36254266, 36254058, 36254046, 36253284, 36253283, 36252179, 36251348, 36251312, 36250275, 36249939, 36249938, 36249772, 36247825, 36247485, 36246448, 36246447, 36246446, 36246445, 36246444, 36246443, 36246441, 36246440, 36246439, 36246438, 36246437, 36246435, 36246030, 36244883, 36244853, 36244641, 36244233, 36243738, 36243696, 36243689, 36243653, 36243121, 36243061, 36242567, 36242543, 36242519",
50,2022/10/23,2022/10/29,116,"36307184, 36306474, 36306060, 36305802, 36305688, 36304940, 36304939, 36304693, 36304692, 36304691, 36304690, 36304689, 36304686, 36304684, 36304683, 36304682, 36304681, 36304677, 36304676, 36304675, 36303594, 36303235, 36303089, 36302979, 36301649, 36301261, 36300863, 36300296, 36299881, 36299641, 36299640, 36298515, 36294342, 36294222, 36293938, 36292538, 36292392, 36292370, 36292312, 36292280, 36292267, 36289994, 36289964, 36289961, 36289541, 36289174, 36288796, 36287602, 36287544, 36287458, 36287457, 36287456, 36287455, 36287454, 36287453, 36287452, 36287451, 36287450, 36287449, 36287448, 36287447, 36287446, 36287443, 36287441, 36287439, 36287438, 36287437, 36287388, 36287276, 36287267, 36285598, 36285106, 36284545, 36283796, 36283794, 36283793, 36283729, 36283721, 36283720, 36283707, 36283681, 36282928, 36282927, 36282925, 36282867, 36282834, 36282414, 36282371, 36281763, 36281567, 36281358, 36281090, 36280556, 36278203, 36277971, 36277969, 36277966, 36277455, 36277308, 36277307, 36275889, 36275867, 36274644, 36274593, 36274169, 36273820, 36273287, 36273258, 36272964, 36272963, 36272941, 36272134, 36271614, 36271347, 36265594, 35993812",
51,2022/10/30,2022/11/05,95,"36333229, 36333027, 36332928, 36332924, 36332923, 36332920, 36332919, 36332918, 36332917, 36332915, 36332327, 36332164, 36332073, 36331910, 36331545, 36331446, 36331050, 36330843, 36330281, 36330095, 36329535, 36329466, 36329439, 36328548, 36328455, 36328454, 36328385, 36328384, 36327312, 36327045, 36327038, 36326657, 36325719, 36325535, 36324680, 36323945, 36323944, 36323492, 36323472, 36322947, 36322797, 36322679, 36322296, 36322132, 36319945, 36319449, 36319075, 36319074, 36319073, 36319072, 36318806, 36318295, 36317745, 36317739, 36317184, 36316205, 36316176, 36316078, 36315507, 36315431, 36314863, 36314664, 36314582, 36314361, 36314296, 36314233, 36314123, 36312802, 36311825, 36311824, 36311485, 36311307, 36311306, 36311305, 36311301, 36310814, 36310809, 36310786, 36310784, 36309771, 36309770, 36309769, 36309768, 36309765, 36309764, 36309758, 36309744, 36309737, 36309709, 36309706, 36309481, 36308760, 36308341, 36307843, 34893467",0.0003128647949779
52,2022/11/06,2022/11/12,58,"36356049, 36356039, 36355916, 36355873, 36353211, 36353051, 36353006, 36352419, 36352313, 36350980, 36350877, 36350612, 36350019, 36349367, 36348485, 36348443, 36347542, 36347541, 36347540, 36347539, 36347538, 36347532, 36346932, 36346872, 36346543, 36346148, 36345515, 36344335, 36342566, 36342565, 36342064, 36342061, 36342029, 36341555, 36341234, 36341037, 36340852, 36340851, 36340739, 36340632, 36340622, 36340621, 36340620, 36338183, 36337761, 36337596, 36337367, 36337359, 36337350, 36337295, 36337134, 36336895, 36336618, 36336318, 36335072, 36333748, 36333734, 36333705",0.0004929044167511
53,2022/11/13,2022/11/19,109,"36400712, 36400711, 36400710, 36400709, 36400708, 36400707, 36400319, 36399862, 36399382, 36398492, 36397102, 36397073, 36395051, 36394786, 36394784, 36394173, 36388630, 36388627, 36388623, 36388263, 36387344, 36387343, 36387335, 36387331, 36387044, 36386610, 36386608, 36386607, 36386606, 36386605, 36386274, 36386189, 36386007, 36385559, 36384948, 36384851, 36383560, 36383338, 36382361, 36382156, 36381624, 36380982, 36380383, 36380352, 36380020, 36379866, 36379864, 36379437, 36378759, 36378546, 36378148, 36377503, 36376213, 36376052, 36376038, 36375849, 36375848, 36375847, 36375692, 36375534, 36375533, 36375532, 36375531, 36374614, 36374428, 36374361, 36374122, 36373673, 36373327, 36373198, 36373197, 36373173, 36372643, 36372641, 36372639, 36371741, 36371740, 36371584, 36371398, 36371308, 36371271, 36371179, 36370890, 36370423, 36370399, 36369652, 36369328, 36369327, 36369076, 36369075, 36369074, 36369073, 36368986, 36368938, 36368882, 36368879, 36367601, 36367376, 36366968, 36366940, 36366825, 36364885, 36362830, 36361432, 36361404, 36360926, 36358214, 36358183, 36358115",0.0002940111095085
54,2022/11/20,2022/11/26,117,"36427345, 36427337, 36427228, 36427222, 36426549, 36425878, 36425808, 36425350, 36425349, 36425222, 36425113, 36424294, 36424124, 36422884, 36422106, 36421639, 36421244, 36419090, 36419002, 36418986, 36415210, 36418632, 36418133, 36418123, 36418118, 36417473, 36417170, 36416568, 36415769, 36415763, 36414429, 36413668, 36413577, 36412829, 36412826, 36412824, 36412822, 36412821, 36412819, 36412818, 36412817, 36412816, 36412815, 36411827, 36411230, 36411117, 36410821, 36410765, 36409404, 36408041, 36407983, 36407819, 36407439, 36407089, 36406165, 36405601, 36405508, 36405506, 36405504, 36404831, 36404259, 36404258, 36403122, 36402697, 36402696, 36402693, 36402691, 36402690, 36402518, 36402517, 36402220, 36401764, 36401737, 36401298, 36401291, 36386602, 36326146, 36309766, 30137825, 29630246, 30860695, 30726003, 36112500, 36097251, 36081923, 29763066, 36040741, 35886679, 35788539, 31334950, 32965891, 32809759, 32644627, 31335032, 35698133, 32644713, 35668722, 31855395, 32809561, 35601583, 35588093, 35519083, 30725798, 32965872, 35428552, 35422115, 35190164, 35144489, 35083127, 35072647, 35061044, 35054090, 34944950, 34943740, 34894345, 34878990, 34849543",0.000294490167289
55,2022/11/27,2022/12/03,72,"36461142, 36461141, 36461137, 36460402, 36459989, 36459709, 36458847, 36458560, 36457541, 36456409, 36455895, 36455186, 36453508, 36453217, 36453069, 36452954, 36452222, 36452047, 36451851, 36451776, 36450586, 36450563, 36450529, 36450506, 36450306, 36448580, 36448384, 36448339, 36448193, 36447806, 36447792, 36447711, 36446996, 36446995, 36446994, 36446993, 36446745, 36446714, 36446671, 36446349, 36446135, 36446056, 36445844, 36445767, 36445764, 36445409, 36443866, 36443815, 36443812, 36443800, 36443775, 36443464, 36443082, 36442902, 36441676, 36440741, 36440669, 36440455, 36439993, 36439568, 36438819, 36438784, 36437757, 36437522, 36437154, 36434785, 36434367, 36434366, 36432417, 36429676, 36429529, 35871365",0.0002687580854399
56,2022/12/04,2022/12/10,72,"36494739, 36494733, 36494676, 36494278, 36493606, 36493396, 36485148, 36484539, 36484253, 36484225, 36483794, 36483514, 36483511, 36483442, 36483427, 36483412, 36483368, 36483364, 36483352, 36483337, 36483332, 36483089, 36482416, 36481091, 36480802, 36480784, 36480447, 36480345, 36479324, 36478735, 36478301, 36477845, 36476280, 36476261, 36476049, 36475283, 36474605, 36474407, 36474275, 36474239, 36473787, 36473552, 36473132, 36472962, 36472949, 36472945, 36472932, 36472875, 36472332, 36472081, 36471895, 36471566, 36471391, 36471333, 36471288, 36470732, 36469659, 36469229, 36469215, 36468254, 36467980, 36467756, 36466186, 36465854, 36465853, 36465845, 36465842, 36465587, 36464555, 36463172, 36463010, 36461655",0.0003525159234413
57,2022/12/11,2022/12/17,78,"36527122, 36527119, 36527057, 36527035, 36526611, 36526321, 36525567, 36525478, 36524709, 36524585, 36523752, 36521891, 36521466, 36521197, 36520879, 36520798, 36520577, 36520575, 36520573, 36520569, 36520567, 36520565, 36520564, 36520563, 36520560, 36520558, 36520557, 36520556, 36520555, 36520554, 36520553, 36519623, 36519457, 36519288, 36518872, 36518676, 36518045, 36517662, 36517405, 36516366, 36516106, 36515780, 36515779, 36515064, 36514878, 36514744, 36514741, 36514725, 36513153, 36512134, 36512030, 36511759, 36510642, 36510270, 36510110, 36509836, 36506828, 36506648, 36506516, 36505945, 36505655, 36505565, 36504666, 36504615, 36504500, 36503903, 36503811, 36503683, 36500502, 36498446, 36498368, 36498010, 36497830, 36496310, 36494764, 36494761, 36460965, 36454520",0.0003046957455808
58,2022/12/18,2022/12/24,104,"36564839, 36564331, 36564330, 36564329, 36564328, 36564160, 36564103, 36563744, 36562830, 36562404, 36561911, 36561857, 36561340, 36561019, 36560550, 36560451, 36560426, 36558943, 36554036, 36553974, 36553971, 36553270, 36553128, 36551883, 36551380, 36550841, 36550629, 36545377, 36550585, 36550397, 36549933, 36549932, 36549929, 36549744, 36549723, 36549642, 36548670, 36548334, 36548333, 36548332, 36548331, 36548330, 36548329, 36548327, 36548326, 36548325, 36548324, 36548323, 36548321, 36548319, 36548318, 36548317, 36548316, 36548315, 36548314, 36548312, 36548299, 36547938, 36547799, 36547129, 36545646, 36544860, 36544400, 36544389, 36544367, 36544366, 36543658, 36543656, 36543256, 36543253, 36542585, 36542458, 36542223, 36542037, 36542033, 36541698, 36540455, 36539215, 36539020, 36538239, 36537932, 36537465, 36537458, 36537037, 36536350, 36535693, 36535692, 36535005, 36534990, 36534056, 36533762, 36533469, 36533205, 36532224, 36531607, 36531605, 36529895, 36529621, 36529485, 36528707, 36528538, 36528537, 36456031, 35921043",0.0004580491280648
59,2022/12/25,2022/12/31,46,"36585685, 36585297, 36584268, 36583615, 36582998, 36582997, 36582301, 36582170, 36582167, 36581431, 36580706, 36580125, 36580124, 36579594, 36578909, 36578097, 36577678, 36577616, 36577571, 36577056, 36576184, 36575006, 36573840, 36573809, 36573091, 36573000, 36572992, 36572445, 36572442, 36572275, 36571697, 36571285, 36569686, 36569369, 36568895, 36568049, 36568045, 36568038, 36567828, 36567647, 36566496, 36566276, 36566119, 36566098, 36565605, 36546831",0.0002416643721517
60,2023/01/01,2023/01/07,57,"36608028, 36607970, 36607867, 36607606, 36606689, 36606210, 36606164, 36606163, 36605931, 36605331, 36604226, 36603170, 36602485, 36602310, 36602037, 36601509, 36601506, 36601505, 36601501, 36601496, 36600576, 36600455, 36600452, 36599814, 36598959, 36598129, 36597756, 36597613, 36597594, 36597518, 36596679, 36596533, 36596521, 36594935, 36594245, 36593558, 36593528, 36593172, 36593152, 36593140, 36593072, 36592435, 36592136, 36592033, 36591894, 36591766, 36589937, 36589694, 36589295, 36588742, 36588713, 36588321, 36588061, 36586749, 36586705, 36586046, 36585968",0.0002219466870883
61,2023/01/08,2023/01/14,74,"36639520, 36639337, 36639263, 36638083, 36637874, 36636738, 36636289, 36635766, 36635661, 36635653, 36634917, 36633540, 36633378, 36633370, 36633309, 36632372, 36632371, 36631954, 36631343, 36631342, 36631341, 36630949, 36628658, 36627916, 36627915, 36627914, 36627913, 36627912, 36627911, 36627910, 36627909, 36627908, 36627904, 36627903, 36627769, 36627568, 36627231, 36626529, 36626480, 36626156, 36625148, 36625010, 36623339, 36622674, 36622666, 36621810, 36621403, 36621402, 36621401, 36621397, 36620809, 36620097, 36618791, 36617182, 36615724, 36615176, 36614995, 36613168, 36612716, 36612402, 36612312, 36611564, 36611535, 36611525, 36611287, 36610868, 36610827, 36610016, 36609572, 36609228, 36609079, 36609055, 36609054, 36608630",0.0003544761450029
62,2023/01/15,2023/01/21,69,"36670475, 36662741, 36662695, 36662654, 36660419, 36660418, 36660259, 36660042, 36660035, 36660010, 36658745, 36658624, 36658537, 36658013, 36657771, 36656166, 36655603, 36654717, 36654715, 36654714, 36654712, 36654711, 36654710, 36654709, 36654708, 36654707, 36654705, 36654703, 36654702, 36654698, 36653832, 36653277, 36651362, 36650580, 36650513, 36650501, 36649027, 36649024, 36649021, 36649019, 36649018, 36649017, 36649016, 36649015, 36649013, 36649011, 36648385, 36647932, 36647866, 36646065, 36645706, 36645335, 36644867, 36644755, 36644742, 36644709, 36644585, 36644412, 36643999, 36642998, 36642669, 36642668, 36642623, 36642100, 36642096, 36641297, 36641285, 36641246, 36152763",0.0003069787853746
63,2023/01/22,2023/01/28,84,"36707335, 36707308, 36707291, 36707237, 36707045, 36705957, 36705284, 36705282, 36703759, 36703716, 36703715, 36703714, 36702735, 36702707, 36702578, 36702309, 36701574, 36700818, 36700812, 36700543, 36700173, 36698509, 36698366, 36697339, 36697303, 36697044, 36696376, 36695863, 36694254, 36694247, 36694232, 36694186, 36694137, 36693740, 36693495, 36692224, 36691809, 36691355, 36691226, 36691142, 36691043, 36688712, 36688206, 36688092, 36686316, 36686314, 36686313, 36685300, 36684998, 36684926, 36683877, 36683666, 36683665, 36683664, 36683662, 36683661, 36683658, 36683657, 36683656, 36683655, 36683594, 36682897, 36682855, 36680797, 36680795, 36680794, 36680793, 36680020, 36680016, 36679981, 36676775, 36676754, 36675608, 36675560, 36674385, 36674208, 36674148, 36673701, 36673637, 36673546, 36673520, 36671336, 36630629, 36289563",0.0001870106119895
64,2023/01/29,2023/02/04,77,"36737230, 36735853, 36735184, 36734729, 36734132, 36734129, 36733975, 36733974, 36733526, 36733522, 36733521, 36733520, 36733517, 36733516, 36733513, 36733512, 36733510, 36733509, 36733508, 36733507, 36732988, 36732755, 36732211, 36732210, 36732034, 36731919, 36731884, 36731628, 36729884, 36729768, 36729577, 36729465, 36728454, 36728329, 36728178, 36727906, 36727287, 36727045, 36726715, 36726632, 36726352, 36726051, 36725425, 36725390, 36725389, 36724930, 36724730, 36724433, 36721538, 36721150, 36720058, 36718383, 36718381, 36718131, 36717949, 36717880, 36715596, 36714924, 36714295, 36714293, 36713974, 36713950, 36712889, 36712831, 36710610, 36710567, 36710222, 36710174, 36710173, 36710148, 36710147, 36709800, 36708309, 36707906, 36707840, 36573307, 36525274",0.000276839575963
65,2023/02/05,2023/02/11,80,"36764328, 36763363, 36762987, 36762628, 36761367, 36759213, 36759028, 36758570, 36757861, 36757480, 36756941, 36756630, 36756629, 36756627, 36756625, 36755779, 36755758, 36755753, 36755499, 36755415, 36754731, 36754720, 36754620, 36754439, 36754347, 36754166, 36753371, 36753213, 36751937, 36751936, 36751935, 36751933, 36751922, 36751921, 36751920, 36751919, 36751918, 36751916, 36751699, 36751602, 36749271, 36749170, 36748987, 36748798, 36748084, 36748083, 36748068, 36748059, 36747337, 36747132, 36746551, 36746159, 36746016, 36745828, 36745621, 36745422, 36745390, 36745312, 36745311, 36744590, 36744452, 36744247, 36744104, 36743947, 36740549, 36740528, 36740527, 36740526, 36740525, 36740524, 36739559, 36739136, 36738916, 36738834, 36738825, 36738275, 36738266, 35906836, 35879465, 35114930",0.0002082386607071
66,2023/02/12,2023/02/18,92,"36799873, 36799812, 36798716, 36798482, 36798105, 36798101, 36797469, 36796121, 36795926, 36795717, 36795695, 36795621, 36795303, 36794336, 36794277, 36793967, 36793920, 36793919, 36793917, 36793916, 36793914, 36793913, 36793912, 36793911, 36793910, 36793909, 36793908, 36793906, 36793905, 36793902, 36793901, 36793798, 36793797, 36792353, 36792347, 36792330, 36792208, 36791260, 36791041, 36791040, 36789807, 36789656, 36789446, 36789207, 36788888, 36788307, 36788042, 36788008, 36787910, 36787906, 36786836, 36786426, 36785825, 36785796, 36785794, 36782213, 36781370, 36781186, 36781185, 36781184, 36780778, 36780373, 36780215, 36779326, 36777987, 36777983, 36777977, 36777548, 36776614, 36776602, 36775738, 36775713, 36774539, 36774236, 36773673, 36773457, 36773254, 36773208, 36773207, 36773008, 36773007, 36769571, 36768120, 36767653, 36767582, 36766907, 36766874, 36720238, 36656100, 36373705, 35354559, 35042682",0.0002641118102474
67,2023/02/19,2023/02/25,91,"36829248, 36829242, 36829213, 36829184, 36828657, 36828497, 36827677, 36827676, 36827675, 36827672, 36827670, 36827669, 36827668, 36827666, 36827664, 36827663, 36827662, 36827661, 36827660, 36827659, 36827658, 36827657, 36826985, 36826167, 36825480, 36825159, 36822883, 36822837, 36822641, 36822577, 36821873, 36821765, 36821553, 36821026, 36820699, 36818412, 36818198, 36817332, 36817331, 36816546, 36816228, 36816050, 36815419, 36815338, 36814687, 36814624, 36814302, 36814080, 36813686, 36813520, 36813499, 36813158, 36812737, 36812455, 36812283, 36812047, 36811966, 36811008, 36810349, 36810348, 36810346, 36810188, 36810022, 36809990, 36809868, 36807543, 36806724, 36805293, 36804947, 36804920, 36804712, 36804671, 36804321, 36804063, 36803979, 36803703, 36803702, 36803698, 36803380, 36803319, 36803060, 36802866, 36802659, 36802618, 36802327, 36802279, 36801872, 36801098, 36130230, 35861156, 36800877",0.0002468471822794
68,2023/02/26,2023/03/04,94,"36868977, 36868911, 36868594, 36867615, 36866441, 36866090, 36866074, 36865700, 36865379, 36864992, 36864499, 36864489, 36864477, 36863964, 36862976, 36862611, 36862608, 36862254, 36860179, 36860171, 36860169, 36860163, 36858904, 36858903, 36858580, 36858563, 36858561, 36858560, 36858559, 36858556, 36858554, 36858553, 36858552, 36858551, 36858550, 36858549, 36858285, 36857752, 36857398, 36857096, 36856936, 36856870, 36855702, 36855244, 36854488, 36853384, 36852881, 36851865, 36851202, 36849956, 36849193, 36849192, 36849040, 36848725, 36848375, 36847995, 36847597, 36847285, 36847261, 36846722, 36846613, 36844700, 36844166, 36843920, 36843619, 36842895, 36842862, 36842581, 36842404, 36842265, 36841787, 36841755, 36841632, 36840959, 36840951, 36840950, 36840580, 36839442, 36836078, 36834422, 36834240, 36834238, 36834194, 36833832, 36833554, 36833517, 36833118, 36833043, 36833001, 36830284, 36830278, 36830161, 36830149, 36126751",0.0001707395145785
69,2023/03/05,2023/03/11,80,"36899408, 36898932, 36898904, 36898896, 36898894, 36898893, 36898891, 36898890, 36898889, 36898888, 36898887, 36898886, 36898883, 36898882, 36898881, 36898765, 36897873, 36896269, 36896193, 36895656, 36895185, 36895125, 36895065, 36894977, 36894900, 36894519, 36894433, 36893395, 36893127, 36892947, 36892558, 36891482, 36891481, 36891480, 36891179, 36891170, 36891063, 36890962, 36890957, 36890948, 36890947, 36889612, 36884286, 36883112, 36882981, 36882974, 36882928, 36882779, 36882733, 36882255, 36881324, 36880804, 36880677, 36880097, 36880080, 36879892, 36879500, 36877813, 36877291, 36876701, 36876700, 36876609, 36876273, 36876148, 36875423, 36875361, 36874370, 36874189, 36873785, 36873778, 36873057, 36872362, 36872191, 36872183, 36872182, 36871212, 36870937, 36869840, 36869741, 35304414",0.0002177729373215
70,2023/03/12,2023/03/18,82,"36931975, 36931720, 36931719, 36931718, 36930884, 36929817, 36929412, 36928840, 36928760, 36928545, 36928084, 36927855, 36927711, 36927581, 36927254, 36926445, 36925395, 36925359, 36925171, 36924346, 36923576, 36923549, 36923317, 36923066, 36923065, 36923064, 36922365, 36922330, 36922328, 36922164, 36922005, 36921886, 36921261, 36920963, 36920864, 36920862, 36920859, 36920740, 36920739, 36920738, 36920737, 36920502, 36920501, 36920443, 36919811, 36919588, 36918981, 36918823, 36918049, 36917730, 36917455, 36917454, 36917102, 36915087, 36915035, 36914444, 36914239, 36914146, 36913071, 36911043, 36909786, 36909069, 36909037, 36908423, 36907916, 36907776, 36907693, 36906675, 36906460, 36905581, 36901514, 36901140, 36900980, 36900831, 36900788, 36900787, 36900723, 36900718, 36900699, 36900668, 36900660, 36215036",0.0001680916102486
71,2023/03/19,2023/03/25,105,"36963995, 36963994, 36963062, 36963050, 36963008, 36962597, 36962511, 36962503, 36962398, 36961641, 36961400, 36961065, 36961040, 36961039, 36961037, 36961036, 36961034, 36961033, 36961032, 36961030, 36961028, 36961026, 36961025, 36961024, 36961023, 36961022, 36960886, 36960879, 36960384, 36960316, 36960216, 36960183, 36960086, 36960083, 36959713, 36959668, 36959586, 36959042, 36958785, 36952662, 36951970, 36951631, 36951429, 36951318, 36950456, 36950256, 36949877, 36949820, 36949766, 36949765, 36949562, 36949533, 36948980, 36948979, 36948626, 36948542, 36948292, 36948273, 36947421, 36946640, 36946629, 36946587, 36946302, 36946146, 36945875, 36945742, 36945228, 36945112, 36945072, 36945030, 36945015, 36944481, 36944048, 36943935, 36943421, 36942300, 36941159, 36941110, 36940118, 36940081, 36938949, 36938836, 36938719, 36938593, 36938123, 36937879, 36937858, 36937844, 36937137, 36936596, 36935325, 36934811, 36934291, 36933697, 36933549, 36933233, 36933196, 36932834, 36932754, 36932458, 36932338, 36932315, 36944001, 29939535, 36970655",0.0003727141331182
72,2023/03/26,2023/04/01,97,"37002327, 37001584, 37001488, 37001287, 37000829, 37000553, 37000144, 37000135, 36999452, 36999128, 36998805, 36998758, 36998757, 36998756, 36998753, 36998752, 36998751, 36998750, 36998749, 36998482, 36998099, 36997471, 36996030, 36995180, 36995162, 36994680, 36994248, 36994232, 36994017, 36993053, 36992789, 36992731, 36992673, 36992485, 36991378, 36991221, 36990870, 36990835, 36990495, 36989450, 36989448, 36989436, 36987859, 36986731, 36986634, 36986554, 36984619, 36984432, 36981990, 36981865, 36981860, 36981705, 36981484, 36980851, 36978062, 36977857, 36976394, 36975721, 36975000, 36974983, 36974867, 36974858, 36973735, 36972735, 36972536, 36972532, 36972261, 36972252, 36972011, 36971650, 36971327, 36971249, 36971201, 36970426, 36970221, 36969657, 36969650, 36969489, 36969310, 36969308, 36969306, 36969305, 36969304, 36968326, 36968266, 36967888, 36967551, 36966630, 36966339, 36966089, 36966031, 36965764, 36965658, 36965592, 36964497, 36964279, 35037782",0.0002694956958293
73,2023/04/02,2023/04/08,62,"37029343, 37029183, 37029077, 37029076, 37028694, 37026108, 37026084, 37026053, 37026051, 37025942, 37025891, 37025695, 37025465, 37024376, 37024354, 37024353, 37024012, 37023334, 37021580, 37021512, 37021443, 37021394, 37021389, 37020124, 37019706, 37019455, 37019380, 37019379, 37018738, 37018353, 37017503, 37016757, 37016474, 37016418, 37016324, 37016147, 37014689, 37013893, 37013551, 37013218, 37012961, 37011581, 37011091, 37010889, 37009909, 37009403, 37008897, 37008896, 37008877, 37008587, 37008585, 37008431, 37007845, 37005302, 37005242, 37005232, 37005194, 37004867, 37004119, 37004069, 37003968, 36723870",0.0002842085275915
74,2023/04/09,2023/04/15,58,"37059738, 37059618, 37058486, 37057865, 37056977, 37056529, 37055319, 37055318, 37055316, 37055206, 37055010, 37054659, 37052170, 37051977, 37051617, 37051472, 37051281, 37047942, 37047848, 37045674, 37042988, 37042050, 37041886, 37041656, 37041575, 37041543, 37041050, 37040296, 37039811, 37039759, 37039558, 37039052, 37038993, 37038917, 37038390, 37038373, 37037436, 37037394, 37036177, 37036058, 37035270, 37033719, 37033638, 37033493, 37033155, 37032981, 37032929, 37032471, 37032264, 37032197, 37031955, 37031954, 37031953, 37030990, 37029929, 37029859, 37029858, 36533701",0.0004509432561462
75,2023/04/16,2023/04/22,64,"37086079, 37085177, 37085176, 37084811, 37084810, 37084809, 37083920, 37083592, 37082761, 37082614, 37082527, 37082497, 37081726, 37081525, 37081169, 37081167, 37079923, 37079900, 37079377, 37078462, 37077511, 37076990, 37076609, 37075975, 37075974, 37075903, 37075901, 37074284, 37072861, 37072729, 37072535, 37072526, 37071629, 37070677, 37070401, 37070272, 37069834, 37069828, 37071862, 37069463, 37068906, 37068854, 37068181, 37068055, 37067949, 37067858, 37066132, 37065779, 37065778, 37064644, 37064592, 37064320, 37063941, 37063940, 37063939, 37063606, 37063447, 37063440, 37062301, 37061827, 37061822, 37061346, 37061100, 36952656",0.0004509432561462
76,2023/04/23,2023/04/29,100,"37119538, 37119376, 37119328, 37119313, 37119031, 37118834, 37117111, 37116892, 37116796, 37116795, 37115243, 37114787, 37114637, 37113680, 37113201, 37112790, 37111265, 37111041, 37109738, 37109373, 37108966, 37107921, 37107916, 37107155, 37107079, 37107002, 37105798, 37105797, 37105796, 37105795, 37105775, 37105724, 37105697, 37105534, 37105218, 37104832, 37104361, 37104084, 37104083, 37104082, 37104081, 37104079, 37104078, 37104077, 37104076, 37104075, 37104072, 37104070, 37103718, 37102982, 37102904, 37102090, 37101928, 37101924, 37101175, 37101082, 37100729, 37100728, 37100726, 37100725, 37100624, 37099593, 37098509, 37096722, 37096140, 37096056, 37095893, 37095892, 37095891, 37095890, 37095464, 37095031, 37094453, 37094248, 37093632, 37093415, 37092519, 37092162, 37092108, 37092063, 37091729, 37091630, 37091628, 37091626, 37090465, 37090464, 37090462, 37090460, 37090458, 37090455, 37090454, 37089790, 37088656, 37088366, 37088365, 37088291, 37088217, 37086966, 36907723, 36375844",0.000282015374978
77,2023/04/30,2023/05/06,73,"37147670, 37147661, 37146942, 37146941, 37145926, 37144736, 37144637, 37144568, 37143973, 37143569, 37143454, 37143221, 37143162, 37142641, 37142474, 37142468, 37142387, 37142053, 37141915, 37140880, 37140163, 37140160, 37139940, 37139535, 37139468, 37139393, 37139256, 37139249, 37138443, 37138410, 37138408, 37138350, 37137686, 37137335, 37137216, 37134288, 37134196, 37134062, 37133903, 37133630, 37133446, 37131192, 37131186, 37131174, 37131144, 37130769, 37130684, 37130673, 37130626, 37129389, 37127464, 37127346, 37127045, 37125739, 37125619, 37124813, 37124782, 37124706, 37124470, 37124101, 37123722, 37122972, 37122478, 37122190, 37122065, 37121868, 37121867, 37121797, 37121761, 37121247, 37121166, 37120509, 36093352",0.0002141686185495
78,2023/05/07,2023/05/13,61,"37177977, 37174825, 37174806, 37173924, 37173793, 37173229, 37173228, 37173184, 37172999, 37172982, 37171399, 37171327, 37171293, 37170909, 37170890, 37170278, 37169590, 37169507, 37169256, 37169255, 37168361, 37167312, 37166395, 37165280, 37164795, 37164264, 37164263, 37163478, 37163188, 37162657, 37162655, 37162527, 37161760, 37161732, 37161688, 37161486, 37161381, 37160561, 37160551, 37160409, 37160226, 37158185, 37156960, 37156640, 37156637, 37156559, 37156066, 37155650, 37155056, 37154502, 37153881, 37151709, 37151372, 37151371, 37151075, 37151063, 37151016, 37149467, 37149149, 37149142, 37149140",0.0001826732361223
79,2023/05/14,2023/05/20,93,"37209236, 37209148, 37208902, 37208524, 37208118, 37207712, 37207711, 37207710, 37207709, 37207708, 37206372, 37206371, 37206018, 37205417, 37205274, 37204677, 37204297, 37203922, 37203768, 37203684, 37203664, 37202822, 37202330, 37202279, 37202127, 37202055, 37201171, 37201170, 37201168, 37201166, 37201165, 37201164, 37200643, 37199602, 37199600, 37198935, 37198752, 37198738, 37198705, 37198700, 37198091, 37198085, 37198084, 37198058, 37198014, 37197377, 37197090, 37195936, 37194783, 37194276, 37193372, 37192543, 37190734, 37189266, 37189264, 37189171, 37189119, 37188928, 37188832, 37188741, 37188505, 37188377, 37188079, 37187880, 37187647, 37187632, 37186797, 37186398, 37186142, 37186026, 37185649, 37185435, 37185146, 37185145, 37185144, 37185143, 37185142, 37184683, 37183162, 37183144, 37182028, 37181730, 37181530, 37181502, 37181501, 37181500, 37181146, 37179764, 37179511, 37178305, 37178018, 37149144, 37147416",0.0001362876952043
80,2023/05/21,2023/05/27,113,"37243842, 37243098, 37242646, 37242399, 37242184, 37241080, 37241062, 37241049, 37241004, 37239715, 37239699, 37239679, 37237834, 37237342, 37237140, 37236847, 37236508, 37236501, 37235983, 37235971, 37235550, 37235296, 37234403, 37234347, 37234343, 37234340, 37234339, 37234198, 37234009, 37233904, 37233864, 37232546, 37232384, 37231577, 37231575, 37231573, 37231571, 37231520, 37231354, 37230873, 37230793, 37230784, 37230553, 37230086, 37230039, 37229664, 37229268, 37229262, 37228355, 37228322, 37228318, 37227901, 37227523, 37227177, 37227130, 37226959, 37226941, 37226295, 37225498, 37225257, 37224805, 37224690, 37224133, 37223964, 37223847, 37223589, 37223393, 37222813, 37222482, 37222155, 37222060, 37221539, 37220867, 37220118, 37219971, 37218971, 37218970, 37218969, 37218968, 37218967, 37218966, 37218965, 37218964, 37218962, 37218645, 37218347, 37217963, 37217898, 37217830, 37217242, 37216081, 37216079, 37216076, 37216074, 37216073, 37216033, 37215738, 37215551, 37214518, 37214066, 37213758, 37213187, 37212967, 37212721, 37211610, 37211515, 37211509, 37211427, 37211263, 37210728, 37210240, 37210239, 37209708",0.0002561390545452
81,2023/05/28,2023/06/03,52,"37269443, 37268480, 37267891, 37267522, 37267521, 37267219, 37266824, 37266813, 37265981, 37265674, 37264595, 37264485, 37263772, 37263758, 37262042, 37261245, 37261066, 37261055, 37260208, 37260204, 37259753, 37259570, 37259518, 37258183, 37258179, 37257875, 37257726, 37257695, 37257054, 37257050, 37254868, 37254838, 37254171, 37253952, 37253951, 37253820, 37253457, 37252193, 37251085, 37250926, 37250644, 37250620, 37247157, 37247153, 37247044, 37246123, 37245664, 37245074, 37244846, 37244514, 28722899, 37265828",0.0002469016835675
82,2023/06/04,2023/06/10,87,"37300486, 37297754, 37297685, 37297670, 37296016, 37295675, 37295494, 37295493, 37295287, 37294586, 37293671, 37292229, 37292150, 37291977, 37291811, 37291672, 37291601, 37291375, 37290829, 37290780, 37290600, 37290282, 37289625, 37289135, 37288698, 37288697, 37288696, 37288695, 37288694, 37288693, 37288691, 37288690, 37288689, 37288688, 37288687, 37288686, 37288685, 37288684, 37288683, 37288682, 37288681, 37288680, 37288679, 37288676, 37288675, 37288674, 37287735, 37287508, 37287507, 37286975, 37286385, 37286310, 37285240, 37285183, 37283852, 37283643, 37280157, 37279044, 37278781, 37278262, 37277885, 37277323, 37277227, 37276716, 37276582, 37276044, 37276041, 37275668, 37275289, 37274416, 37273817, 37273813, 37273809, 37273806, 37273803, 37273268, 37273264, 37273029, 37272034, 37271687, 37271347, 37271018, 37270423, 37270421, 37270326, 37270164, 37274850",0.00025922570494
83,2023/06/11,2023/06/17,96,"37329496, 37329256, 37328941, 37328767, 37327998, 37327386, 37325579, 37325249, 37324452, 37323767, 37323763, 37323428, 37323135, 37323007, 37322533, 37322463, 37322221, 37321919, 37321655, 37319335, 37318772, 37317801, 37317597, 37316822, 37316813, 37316142, 37316138, 37316137, 37316136, 37316135, 37316134, 37316133, 37316132, 37316131, 37316129, 37316128, 37316127, 37316124, 37316123, 37316122, 37316121, 37316120, 37316118, 37315972, 37315554, 37315006, 37313661, 37313363, 37313275, 37313228, 37312640, 37312504, 37312262, 37312222, 37312077, 37311621, 37311293, 37309455, 37309129, 37309059, 37308959, 37308835, 37306306, 37306035, 37305606, 37305605, 37305604, 37305602, 37305599, 37305598, 37305597, 37305596, 37305593, 37305592, 37305591, 37305590, 37305589, 37305588, 37305190, 37304746, 37304590, 37303818, 37303771, 37303764, 37303763, 37303761, 37303760, 37303488, 37303457, 37302918, 37301867, 37301642, 37301508, 37301491, 37301313, 36309802",0.0001938951638294
84,2023/06/18,2023/06/24,69,"37354280, 37353822, 37353220, 37352933, 37352930, 37352251, 37350675, 37350603, 37350157, 37349835, 37349689, 37348933, 37348921, 37348910, 37348909, 37348600, 37347568, 37347563, 37345780, 37344915, 37344909, 37344541, 37343770, 37343668, 37343666, 37343297, 37342796, 37342668, 37342589, 37342576, 37342529, 37342085, 37340826, 37340505, 37340437, 37340333, 37340207, 37339864, 37339754, 37338707, 37337658, 37337263, 37337259, 37337129, 37336326, 37336325, 37336324, 37336323, 37336313, 37336265, 37335971, 37335966, 37335939, 37335865, 37333968, 37333967, 37333684, 37332530, 37332294, 37332275, 37332274, 37332111, 37331935, 37331910, 37331654, 37331516, 37331515, 37330589, 37329974",0.0003705706971231
85,2023/06/25,2023/07/01,132,"37392406, 37391854, 37391737, 37391352, 37391030, 37391014, 37390983, 37390942, 37390564, 37390391, 37390385, 37390093, 37389780, 37389151, 37389079, 37388795, 37387477, 37386558, 37386440, 37385896, 37385779, 37384716, 37384589, 37383883, 37383720, 37383189, 37381676, 37381140, 37381136, 37381135, 37381134, 37381133, 37381038, 37380535, 37380279, 37380277, 37380276, 37380274, 37380273, 37380271, 37380270, 37380269, 37380268, 37380267, 37380266, 37380261, 37380260, 37380259, 37380258, 37380256, 37379300, 37378781, 37378090, 37378083, 37377923, 37377559, 37376707, 37376057, 37375733, 37373582, 37372896, 37372838, 37372745, 37370360, 37370337, 37370270, 37369890, 37369416, 37368751, 37368435, 37368433, 37368432, 37368431, 37368429, 37368427, 37368425, 37368424, 37368423, 37368422, 37368420, 37368418, 37368416, 37368218, 37367732, 37366920, 37366806, 37366565, 37366329, 37365794, 37365108, 37365107, 37365046, 37363796, 37362545, 37361790, 37361205, 37361031, 37360215, 37360207, 37360205, 37360198, 37360197, 37360196, 37360133, 37360099, 37360063, 37359270, 37358818, 37357812, 37357613, 37357565, 37357289, 37357128, 37357127, 37357126, 37357124, 37357012, 37356663, 37356662, 37355915, 37355436, 37355387, 37355386, 37355384, 37355383, 37355382, 37355381, 37355380, 37354996, 37354940, 37354939, 36367099",0.0002240017565782
86,2023/07/02,2023/07/08,77,"37419769, 37419686, 37419387, 37419245, 37418820, 37418600, 37418041, 37417739, 37417202, 37417136, 37415313, 37414715, 37414641, 37414599, 37414281, 37414218, 37410964, 37410963, 37410464, 37410461, 37410016, 37409729, 37409359, 37409153, 37409152, 37409151, 37409148, 37409147, 37409145, 37409144, 37409143, 37409142, 37409139, 37409138, 37408842, 37408841, 37408299, 37408067, 37407403, 37407245, 37406253, 37406228, 37404898, 37404411, 37404113, 37404072, 37404069, 37402606, 37402141, 37401115, 37400921, 37400758, 37399899, 37399898, 37399897, 37399896, 37399895, 37399272, 37398893, 37398702, 37397765, 37397709, 37397030, 37396191, 37396109, 37396108, 37394378, 37394356, 37394062, 37394061, 37394060, 37393624, 37392811, 37392810, 36977360, 36472456, 37427394",0.0002402997459284
87,2023/07/09,2023/07/15,82,"37452687, 37451908, 37451618, 37448839, 37448326, 37445289, 37444802, 37444741, 37444727, 37444675, 37444134, 37443099, 37442993, 37442944, 37442709, 37442438, 37440858, 37440428, 37440321, 37440312, 37440231, 37440163, 37439455, 37438875, 37438773, 37438171, 37437711, 37437226, 37437003, 37436766, 37436759, 37436656, 37436204, 37435970, 37435509, 37435507, 37435505, 37435504, 37435503, 37435502, 37435501, 37435420, 37435138, 37433722, 37433027, 37432535, 37432192, 37432148, 37431885, 37431850, 37431260, 37431251, 37430355, 37430298, 37429389, 37429084, 37428523, 37428504, 37428357, 37427249, 37426784, 37426765, 37426703, 37426157, 37425314, 37424989, 37424983, 37424980, 37424978, 37424977, 37424974, 37424968, 37424673, 37424358, 37423768, 37423390, 37423389, 37423388, 37422951, 37422111, 37314478, 37199833",0.0001932350744027
88,2023/07/16,2023/07/29,139,"37514973, 37512163, 37510855, 37510632, 37510504, 37510500, 37509764, 37508288, 37508282, 37508190, 37507339, 37507313, 37507312, 37506523, 37505666, 37505347, 37505173, 37503697, 37503588, 37503520, 37502250, 37502238, 37502218, 37501995, 37501558, 37500304, 37500303, 37499978, 37499757, 37499693, 37499595, 37499057, 37498969, 37498949, 37498812, 37498599, 37498515, 37497107, 37496877, 37496823, 37496243, 37496171, 37496170, 37496166, 37496054, 37495456, 37495451, 37495272, 37494677, 37492553, 37492337, 37492331, 37492163, 37489577, 37489352, 37489350, 37489349, 37489347, 37489345, 37489341, 37489340, 37489259, 37489240, 37489071, 37489038, 37487786, 37487530, 37487147, 37486943, 37486825, 37484144, 37484021, 37482585, 37482495, 37482494, 37482481, 37482480, 37482188, 37481457, 37481456, 37481352, 37481334, 37481067, 37480543, 37480245, 37480198, 37480010, 37478473, 37478266, 37478078, 37477397, 37477172, 37477131, 37476316, 37474356, 37474291, 37474278, 37471257, 37471122, 37470760, 37469619, 37468860, 37468372, 37468214, 37468181, 37467198, 37466638, 37465371, 37465133, 37464445, 37463738, 37462678, 37461352, 37461062, 37460828, 37460409, 37460287, 37459914, 37459118, 37458965, 37458410, 37458335, 37457577, 37456737, 37456735, 37456447, 37456100, 37456088, 37455810, 37455465, 37454873, 37454289, 37454288, 37454279, 37454026, 37453919, 37453918, 37453917, 37453542",0.0002531053731217
89,2023/07/30,2023/08/05,76,"37541946, 37541945, 37541944, 37541943, 37541776, 37541754, 37541392, 37541390, 37540661, 37538991, 37538939, 37538193, 37537588, 37537008, 37537006, 37536012, 37535460, 37534929, 37534519, 37533872, 37533759, 37533758, 37533090, 37533071, 37532842, 37532577, 37532576, 37532573, 37532571, 37532558, 37531672, 37530421, 37529840, 37529821, 37529704, 37529536, 37529461, 37529431, 37529156, 37529151, 37528999, 37528496, 37528237, 37527898, 37527792, 37527330, 37526910, 37526328, 37526297, 37525412, 37525247, 37524441, 37524396, 37524366, 37524261, 37523315, 37522107, 37522069, 37521472, 37521436, 37521107, 37521020, 37521019, 37521018, 37521017, 37520218, 37519644, 37519342, 37519311, 37517524, 37516659, 37516614, 37516613, 37515915, 37433028, 36821610",0.0001475733894039
90,2023/08/06,2023/08/12,72,"37570413, 37570408, 37570399, 37569036, 37569001, 37568134, 37567834, 37567831, 37567830, 37567558, 37567242, 37566551, 37566141, 37565275, 37565023, 37563837, 37563776, 37563775, 37563061, 37562577, 37561370, 37561116, 37561097, 37560797, 37560542, 37560391, 37559867, 37559832, 37559709, 37559528, 37559352, 37559251, 37559115, 37558830, 37556896, 37556726, 37556389, 37556381, 37556317, 37556119, 37555131, 37555012, 37554860, 37553585, 37553564, 37552818, 37551996, 37551925, 37551694, 37551316, 37550647, 37550560, 37549733, 37548901, 37548457, 37548434, 37548429, 37547208, 37547194, 37546911, 37546527, 37546350, 37546078, 37545357, 37544784, 37543960, 37543788, 37543523, 37543522, 37531995, 36999314, 36723285",0.000188563739357
91,2023/08/13,2023/08/19,47,"37597081, 37597002, 37596920, 37596777, 37596629, 37596587, 37595979, 37595956, 37595885, 37595175, 37595172, 37595170, 37594852, 37594672, 37594444, 37594401, 37593102, 37592417, 37588681, 37586944, 37586943, 37586750, 37586717, 32644538, 37585270, 37584352, 37582598, 37580918, 37580795, 37580118, 37580117, 37579992, 37579455, 37579105, 37579094, 37578793, 37577975, 37576852, 37576805, 37575735, 37574369, 37574197, 37574018, 37573267, 37573017, 37572938, 37572310",0.0002242616785224
92,2023/08/20,2023/08/26,96,"37632202, 37632146, 37631926, 37629416, 37628497, 37627763, 37627658, 37626010, 37625530, 37624084, 37624082, 37624081, 37624080, 37624079, 37624077, 37623137, 37623100, 37622759, 37622541, 37622457, 37620839, 37620719, 37620274, 37619991, 37619945, 37619851, 37619850, 37619849, 37619417, 37619247, 37619232, 37616267, 37616149, 37615989, 37615531, 37615467, 37615245, 37615244, 37614698, 37614557, 37612848, 37612846, 37612845, 37612656, 37612636, 37612255, 37612182, 37612154, 37611963, 37611961, 37611896, 37611326, 37611286, 37611187, 37611180, 37611036, 37609464, 37609089, 37608990, 37608414, 37608277, 37608266, 37607337, 37605927, 37605897, 37605699, 37605427, 37605168, 37604646, 37604405, 37604404, 37603957, 37602870, 37602537, 37602133, 37602092, 37601325, 37601205, 37601158, 37601049, 37601047, 37601045, 37600924, 37599502, 37598408, 37597919, 37597916, 37597915, 37597914, 37597913, 37597912, 37597909, 37597907, 37597905, 37574774, 37105212",0.0001929553734953
93,2023/08/27,2023/09/02,58,"37658157, 37657974, 37657965, 37657919, 37657918, 37657599, 37657079, 37657016, 37656415, 37656215, 37655622, 37655515, 37655143, 37655116, 37654864, 37654614, 37653774, 37652663, 37652588, 37651455, 37651170, 37650888, 37650724, 37650531, 37649677, 37649018, 37648157, 37648101, 37647226, 37646963, 37646272, 37646113, 37645580, 37645452, 37645440, 37644971, 37644969, 37644463, 37643379, 37643294, 37642927, 37641020, 37640614, 37640441, 37639225, 37638225, 37638218, 37638215, 37638068, 37637353, 37636837, 37636797, 37636171, 37635840, 37634995, 37633755, 37633453, 37632460",0.0002438353345496
94,2023/09/03,2023/09/09,58,"37688528, 37688502, 37685487, 37685477, 37683372, 37682959, 37682400, 37682399, 37681768, 37681464, 37680793, 37680781, 37680699, 37680199, 37680138, 37679680, 37679253, 37678824, 37676981, 37676583, 37676537, 37675993, 37675154, 37674836, 37674683, 37673702, 37673283, 37673177, 37672831, 37672363, 37672000, 37671850, 37671214, 37670708, 37670525, 37669277, 37669071, 37668489, 37667376, 37664413, 37663988, 37663895, 37663091, 37663032, 37662699, 37662696, 37661468, 37661442, 37661441, 37661401, 37661305, 37660933, 37659002, 37658845, 37659923, 37659906, 37659864, 37659418",0.0001867817685706
95,2023/09/10,2023/09/16,81,"37715179, 37715047, 37714756, 37714664, 37714661, 37714658, 37714657, 37714655, 37714654, 37714653, 37714651, 37714649, 37714303, 37713198, 37713028, 37711919, 37711743, 37711649, 37711416, 37711413, 37711407, 37711404, 37711235, 37711108, 37710390, 37710335, 37709921, 37709642, 37709274, 37708111, 37707775, 37707379, 37707288, 37706657, 37706479, 37706219, 37706215, 37706166, 37705858, 37705857, 37705837, 37705090, 37704913, 37704534, 37704533, 37704064, 37702981, 37702959, 37702160, 37702044, 37700549, 37700374, 37700288, 37699668, 37698265, 37697998, 37697894, 37697473, 37697326, 37696742, 37696709, 37696640, 37696631, 37696590, 37696492, 37696491, 37696490, 37695404, 37694867, 37694403, 37694330, 37694168, 37694166, 37694165, 37693909, 37693737, 37693714, 37689320, 37688926, 37624975, 36881940",0.0001906650402816
96,2023/09/17,2023/09/23,66,"37740993, 37740896, 37740561, 37740370, 37739906, 37738634, 37738533, 37737849, 37736924, 37736923, 37736922, 37736921, 37736920, 37736919, 37736916, 37736914, 37736913, 37736911, 37736909, 37736908, 37736907, 37736905, 37736347, 37735012, 37735005, 37734970, 37734889, 37734858, 37733698, 37732497, 37731789, 37731602, 37730673, 37730586, 37730582, 37730507, 37730413, 37730197, 37728795, 37728160, 37728146, 37727881, 37727699, 37726861, 37726735, 37725291, 37724315, 37723240, 37723107, 37722504, 37722503, 37722482, 37721550, 37719880, 37719848, 37718591, 37718222, 37718221, 37718220, 37718219, 37717920, 37717919, 37717693, 37716990, 37716875, 37699580",0.0002125089114997
97,2023/09/24,2023/09/30,110,"37776117, 37775470, 37775445, 37775205, 37774836, 37774091, 37773679, 37773643, 37773620, 37773498, 37772743, 37772034, 37771957, 37771956, 37771830, 37771733, 37771732, 37771459, 37771060, 37771056, 37771055, 37771054, 37771053, 37771052, 37770989, 37770985, 37770934, 37770071, 37769848, 37769670, 37769309, 37768930, 37768663, 37768432, 37768426, 37767393, 37767392, 37767390, 37767388, 37767387, 37767384, 37767383, 37767382, 37767380, 37767379, 37767377, 37767376, 37766744, 37763652, 37763029, 37761794, 37761777, 37761715, 37761681, 37760752, 37760680, 37760514, 37759203, 37759138, 37758967, 37758640, 37758597, 37758596, 37758319, 37757673, 37756664, 37756628, 37756627, 37756623, 37756229, 37755662, 37755644, 37755642, 37755492, 37753875, 37753848, 37752928, 37752529, 37752521, 37751577, 37750164, 37750044, 37749648, 37749646, 37749102, 37749003, 37748843, 37747421, 37747325, 37746794, 37746693, 37745733, 37745731, 37745726, 37745417, 37745082, 37744958, 37743854, 37743853, 37743852, 37743733, 37743630, 37743469, 37743452, 37742742, 37742303, 37741997, 37741711, 37741186, 36841717",0.000181221497769
98,2023/10/01,2023/10/07,80,"37803812, 37803475, 37803447, 37803370, 37801185, 37801081, 37801018, 37799574, 37799293, 37798069, 37797919, 37797196, 37797164, 37796918, 37796778, 37796362, 37796282, 37796100, 37795717, 37795588, 37795426, 37795278, 37795275, 37795164, 37795128, 37794504, 37794446, 37794403, 37793701, 37793682, 37793617, 37792397, 37792255, 37792047, 37791973, 37791720, 37791493, 37791049, 37790990, 37790885, 37790675, 37789443, 37789392, 37789376, 37789286, 37788835, 37788425, 37787660, 37784207, 37783983, 37783974, 37783306, 37783106, 37782036, 37781706, 37781181, 37781047, 37780550, 37780549, 37779619, 37779361, 37779212, 37779051, 37779017, 37779015, 37779014, 37779013, 37779011, 37779010, 37779009, 37779008, 37779007, 37778905, 37778904, 37778702, 37778658, 37777869, 37777388, 37776543, 37235212",0.0002497044653864
99,2023/10/08,2023/10/14,65,"37835151, 37833671, 37833158, 37833103, 37833094, 37833089, 37833083, 37832917, 37832651, 37832396, 37831448, 37831092, 37830875, 37830656, 37830446, 37828170, 37827382, 37827062, 37824500, 37824026, 37823732, 37823011, 37823010, 37822696, 37822579, 37822219, 37821957, 37821953, 37821895, 37821075, 37819463, 37818791, 37818698, 37818393, 37817556, 37816587, 37816569, 37816181, 37816180, 37816179, 37815801, 37814923, 37814349, 37813706, 37813103, 37812974, 37812769, 37812604, 37812158, 37811129, 37810747, 37810746, 37810745, 37810015, 37809575, 37808244, 37808195, 37807074, 37806556, 37805911, 37805596, 37805530, 37805258, 37805042, 37804919",0.0001938217727001
100,2023/10/15,2023/10/28,161,"37896922, 37895974, 37893872, 37893851, 37893845, 37893791, 37892319, 37891601, 37891564, 37891558, 37891092, 37891049, 37890772, 37889865, 37888513, 37888510, 37888509, 37888508, 37888506, 37888505, 37888503, 37888502, 37888501, 37888500, 37888095, 37887973, 37887258, 37886454, 37886146, 37886119, 37886027, 37885558, 37885437, 37885099, 37885096, 37885029, 37884985, 37884399, 37883413, 37882989, 37882457, 37881374, 37881305, 37880768, 37880075, 37880004, 37879887, 37879862, 37879664, 37879654, 37879400, 37879095, 37879094, 37878629, 37878503, 37878195, 37878102, 37878093, 37877594, 37877441, 37877349, 37876921, 37876855, 37876727, 37876544, 37876376, 37875942, 37875901, 37875714, 37875421, 37875307, 37875284, 37874636, 37872556, 37872101, 37870110, 37869755, 37869610, 37869069, 37868711, 37867051, 37866627, 37866626, 37866521, 37866294, 37865731, 37865593, 37865387, 37865386, 37865310, 37864432, 37864345, 37863868, 37863398, 37863397, 37862035, 37861714, 37860591, 37860590, 37860587, 37860585, 37860227, 37860226, 37860224, 37860120, 37860075, 37860070, 37859417, 37858795, 37858273, 37855889, 37855282, 37854638, 37854067, 37853310, 37852693, 37852692, 37852690, 37852689, 37852688, 37852685, 37852684, 37852682, 37852681, 37852680, 37852578, 37851241, 37850791, 37850690, 37849733, 37849382, 37849304, 37848900, 37848899, 37848565, 37848405, 37848350, 37847779, 37847760, 37847695, 37847582, 37847423, 37846366, 37844992, 37844734, 37844732, 37844018, 37843398, 37842360, 37841580, 37840212, 37839700, 37839698, 37839697, 37839555, 37838346, 37838324, 37837968, 37837645, 37578843, 37296059",0.0005303112644469
101,2023/10/29,2023/11/11,162,"37950337, 37949645, 37949612, 37948644, 37948608, 37948129, 37948081, 37948042, 37947952, 37947546, 37946575, 37945726, 37945725, 37945419, 37945418, 37944899, 37944862, 37944082, 37943532, 37943070, 37942165, 37942121, 37941578, 37941537, 37941407, 37941343, 37941339, 37940403, 37940333, 37940103, 37940102, 37940101, 37940100, 37940099, 37940098, 37940097, 37940096, 37940094, 37940093, 37940092, 37940091, 37939689, 37939522, 37937957, 37936557, 37936510, 37936327, 37936234, 37936172, 37935608, 37935482, 37935453, 37935404, 37935156, 37934656, 37934542, 37933759, 37933555, 37933430, 37933261, 37932731, 37932683, 37932154, 37932015, 37931943, 37931904, 37931404, 37931152, 37930740, 37929756, 37929591, 37928945, 37928786, 37927342, 37926826, 37926620, 37923638, 37923637, 37923143, 37923084, 37922982, 37925630, 37925475, 37925103, 37924770, 37924307, 37924139, 37922297, 37921938, 37921763, 37921745, 37920806, 37920751, 37920108, 37919958, 37919809, 37919782, 37919734, 37919662, 37919198, 37919184, 37919183, 37919175, 37918567, 37917800, 37916760, 37916575, 37915978, 37915419, 37915417, 37915359, 37915076, 37914833, 37914466, 37914465, 37914462, 37914344, 37914343, 37914341, 37914295, 37914270, 37914030, 37914029, 37913990, 37913819, 37913802, 37910463, 37910032, 37909917, 37909167, 37908589, 37908021, 37908001, 37907355, 37907299, 37906751, 37905576, 37905530, 37905378, 37904185, 37903944, 37903815, 37903588, 37902664, 37902281, 37902032, 37901881, 37901755, 37901480, 37901119, 37900210, 37900196, 37899572, 37898486, 37897401, 37879331, 37866522, 37864155, 37847553, 37833241, 37178977, 37937162",0.0002189202437875
102,2023/11/12,2023/11/18,76,"37978931, 37978897, 37978885, 37978569, 37978410, 37978391, 37978369, 37978359, 37978070, 37977949, 37977573, 37977263, 37976134, 37975093, 37975085, 37974597, 37974595, 37974593, 37974376, 37974140, 37973543, 37973496, 37973493, 37973428, 37973350, 37972759, 37972758, 37971422, 37970964, 37970849, 37969451, 37968602, 37967973, 37967722, 37967721, 37967641, 37967172, 37967147, 37967067, 37966508, 37965943, 37965513, 37965249, 37965248, 37965247, 37964848, 37964784, 37964342, 37963783, 37963473, 37963267, 37963082, 37963002, 37962780, 37962695, 37961071, 37960887, 37959303, 37959279, 37958707, 37958579, 37957889, 37957524, 37957464, 37957082, 37957023, 37956792, 37953114, 37953084, 37952846, 37952845, 37952748, 37952584, 37951716, 37951576, 37951575",0.0002189202437875
